,Player,Weekly Salary
1528,Lionel Messi,1538905.0
1006,Cristiano Ronaldo,1248536.0
1529,Antoine Griezmann,997032.0
2004,Neymar,797726.0
1530,Gareth Bale,607706.0
1532,Philippe Coutinho,508923.0
1531,Luis Suárez,508923.0
0,Alexis Sánchez,461765.0
1,Mesut Özil,461765.0
1535,Toni Kroos,434977.0
1534,Sergio Ramos,434977.0
1533,Marcelo,434977.0
2005,Kylian Mbappé,405464.0
1536,Luka Modric,405311.0
2006,Edinson Cavani,400548.0
2,Gonzalo Higuaín,400290.0
3,Paul Pogba,382606.0
1537,Karim Benzema,359813.0
1538,Diego Costa,347764.0
497,Robert Lewandowski,346807.0
1539,Koke,346785.0
2007,Thiago Silva,345937.0
498,Manuel Neuer,326233.0
1541,Sergio Busquets,325124.0
499,Thomas Müller,325124.0
4,Kevin De Bruyne,303624.0
5,Sergio Agüero,303624.0
6,Eden Hazard,296088.0
1542,Ivan Rakitic,290434.0
2009,Ángel Di María,289238.0
2008,Marquinhos,289238.0
2010,Mario Balotelli,282735.0
1007,Paulo Dybala,281930.0
500,James Rodríguez,281778.0
1543,Thibaut Courtois,281778.0
1544,Gerard Piqué,277080.0
1545,Isco,276145.0
8,Harry Kane,263866.0
9,Henrikh Mkhitaryan,263866.0
11,Riyad Mahrez,263866.0
10,Mohamed Salah,263866.0
7,David de Gea,263866.0
1008,Miralem Pjanic,261791.0
1547,Samuel Umtiti,260986.0
1546,Ousmane Dembélé,260986.0
1548,Saúl Ñíguez,260769.0
501,Franck Ribéry,260094.0
502,Jérôme Boateng,260094.0
503,Thiago,260094.0
1009,Douglas Costa,241651.0
1010,Gianluigi Donnarumma,241651.0
12,Alexandre Lacazette,240220.0
504,Marco Reus,238433.0
14,Nicolás Otamendi,237479.0
13,Fernandinho,237479.0
15,Pierre-Emerick Aubameyang,237479.0
16,Roberto Firmino,237479.0
17,Romelu Lukaku,237479.0
18,Virgil van Dijk,237479.0
1549,Jan Oblak,234083.0
1550,Vitolo,234083.0
1551,Raphaël Varane,225427.0
1011,Leonardo Bonucci,221512.0
1012,Mario Mandzukic,221512.0
507,Mats Hummels,216749.0
506,Mario Götze,216749.0
505,David Alaba,216749.0
1552,Sergi Roberto,216749.0
1553,Álvaro Morata,214161.0
1554,Diego Godín,212943.0
20,Juan Mata,211093.0
19,David Silva,211093.0
1013,Emre Can,201373.0
21,Kepa,201350.0
22,Bernardo Silva,197900.0
26,Vincent Kompany,197900.0
25,Raheem Sterling,197900.0
24,N'Golo Kanté,197900.0
23,Luke Shaw,197900.0
1555,Arturo Vidal,195740.0
2011,Falcao,195065.0
1556,Iñigo Martínez,195065.0
1558,Keylor Navas,186605.0
1559,Marc-André ter Stegen,186605.0
1557,Jordi Alba,186605.0
1560,Mariano Díaz,186605.0
1014,Lorenzo Insigne,185278.0
27,Chicharito,184706.0
31,Jordan Henderson,184706.0
30,Jamie Vardy,184706.0
29,James Milner,184706.0
28,Ilkay Gündogan,184706.0
2013,Gianluigi Buffon,182060.0
2012,Dani Alves,182060.0
1562,Simon Kjær,181233.0
1561,Marco Asensio,181233.0
1015,Edin Dzeko,181233.0
1016,Mauro Icardi,181233.0
1017,Radja Nainggolan,181233.0
1563,Daniel Carvajal,179906.0
509,Leon Goretzka,173991.0
508,Kingsley Coman,173991.0
511,Joshua Kimmich,173404.0
510,Axel Witsel,173404.0
34,Wilfried Zaha,171513.0
32,Daniel Sturridge,171513.0
33,Kasper Schmeichel,171513.0
1564,Filipe Luís,169054.0
35,David Luiz,165804.0
36,Danny Welbeck,164916.0
37,Max Meyer,164916.0
1565,Thomas Vermaelen,163986.0
1566,Kévin Gameiro,163421.0
1021,Ivan Perisic,161094.0
1019,Dries Mertens,161094.0
1018,Blaise Matuidi,161094.0
1022,Juan Cuadrado,161094.0
1023,Sami Khedira,161094.0
1024,Wojciech Szczesny,161094.0
1020,Giorgio Chiellini,161094.0
44,Fred,158320.0
43,Christian Benteke,158320.0
46,Nemanja Matic,158320.0
47,Victor Lindelöf,158320.0
48,Willian,158320.0
49,Yerry Mina,158320.0
42,Bernard,158320.0
41,Aymeric Laporte,158320.0
40,Ashley Young,158320.0
39,Alex Oxlade-Chamberlain,158320.0
38,Aaron Ramsey,158320.0
45,Naby Keïta,158320.0
2014,Presnel Kimpembe,157810.0
2017,Marco Verratti,156048.0
2016,Julian Draxler,156048.0
2015,Dimitri Payet,156048.0
1025,Stefan De Vrij,153047.0
512,Corentin Tolisso,152242.0
51,Claudio Bravo,151723.0
50,Ander Herrera,151723.0
513,Arjen Robben,151720.0
1567,Rodri,148262.0
1568,Rodrigo,148262.0
52,André Gomes,148044.0
58,Marcos Rojo,145126.0
57,Kyle Walker,145126.0
59,Olivier Giroud,145126.0
60,Petr Cech,145126.0
56,Jorginho,145126.0
54,Anthony Martial,145126.0
53,Adam Lallana,145126.0
55,Héctor Bellerín,145126.0
1569,Nolito,143542.0
1570,Geoffrey Kondogbia,140954.0
1030,Lucas Biglia,140954.0
1029,Kalidou Koulibaly,140954.0
1028,João Miranda,140954.0
1027,Javier Pastore,140954.0
1031,Tiemoué Bakayoko,140954.0
1026,Alessio Romagnoli,140954.0
2018,Gelson Martins,140889.0
1574,Thomas Lemar,140824.0
1571,Juanfran,140824.0
1572,Juanfran Moreno,140824.0
1573,Nikola Kalinic,140824.0
61,Mateo Kovacic,140737.0
1575,Éver Banega,140063.0
2019,Cesc Fàbregas,137387.0
62,André Schürrle,136652.0
1576,Carlos Bacca,133081.0
69,Ederson,131933.0
74,Hugo Lloris,131933.0
80,Mamadou Sakho,131933.0
79,João Moutinho,131933.0
78,Jordan Pickford,131933.0
77,John Stones,131933.0
76,Joel Matip,131933.0
75,Jack Wilshere,131933.0
72,Granit Xhaka,131933.0
73,Gylfi Sigurdsson,131933.0
70,Eliaquim Mangala,131933.0
66,Danny Drinkwater,131933.0
67,Dejan Lovren,131933.0
82,Marko Arnautovic,131933.0
68,Dele Alli,131933.0
71,Fabinho,131933.0
81,Marcos Alonso,131933.0
85,Rui Patrício,131933.0
83,Morgan Schneiderlin,131933.0
84,Ross Barkley,131933.0
63,Antonio Rüdiger,131933.0
86,Sadio Mané,131933.0
87,Sead Kolasinac,131933.0
88,Sokratis,131933.0
89,Theo Walcott,131933.0
64,Benjamin Mendy,131933.0
65,Bernd Leno,131933.0
90,Pedro,131654.0
514,Thomas Delaney,130493.0
2020,Layvin Kurzawa,130493.0
2021,Luiz Gustavo,130058.0
515,Javi Martínez,130058.0
1032,Samir Handanovic,128884.0
1577,Raúl García,125534.0
1578,Raúl García Carnero,125534.0
92,Leroy Sané,125336.0
91,Heung-min Son,125336.0
1033,Steven Nzonzi,124860.0
1579,Gonçalo Guedes,124621.0
1043,Pepe Reina,120837.0
1042,Kwadwo Asamoah,120837.0
1041,Keita Baldé,120837.0
1034,Andrea Barzagli,120837.0
1035,Antonio Candreva,120837.0
1040,João Cancelo,120837.0
1036,Daniele De Rossi,120837.0
1037,Daniele Rugani,120837.0
1038,Federico Bernardeschi,120837.0
1039,José Callejón,120837.0
1044,Suso,120837.0
99,Lucas Digne,118740.0
93,Alisson,118740.0
94,Andy Carroll,118740.0
101,Shkodran Mustafi,118740.0
100,Richarlison,118740.0
98,Laurent Koscielny,118740.0
97,Harry Maguire,118740.0
96,Gabriel Jesus,118740.0
95,César Azpilicueta,118740.0
102,Jan Vertonghen,118435.0
1580,Vinícius Júnior,115486.0
1581,Dani Parejo,114877.0
103,Denis Suárez,113868.0
1045,Alessandro Florenzi,112768.0
1046,Alex Sandro,112768.0
1047,Diego Perotti,112768.0
1048,Sime Vrsaljko,112768.0
104,Antonio Valencia,112143.0
105,Felipe Anderson,112143.0
1049,João Mário,108744.0
1582,Ezequiel Garay,108744.0
518,Sebastian Rudy,108744.0
1050,Konstantinos Manolas,108744.0
517,Marius Wolf,108744.0
2022,Juan Bernat,108744.0
2023,Thilo Kehrer,108744.0
516,Ignacio Camacho,108744.0
1583,Munir El Haddadi,108375.0
519,Karim Bellarabi,108375.0
520,Kevin Volland,108375.0
521,Mahmoud Dahoud,108375.0
522,Nabil Bentaleb,108375.0
523,Rafinha,108375.0
524,Sven Bender,108375.0
525,Yevhen Konoplyanka,108375.0
2024,Adrien Silva,107091.0
2025,Florian Thauvin,106635.0
1584,Arthur,106200.0
111,Gary Cahill,105546.0
110,Fabian Delph,105546.0
108,Eric Bailly,105546.0
107,Danilo,105546.0
112,Jonny Evans,105546.0
106,Andreas Christensen,105546.0
113,Lucas Moura,105546.0
115,Xherdan Shaqiri,105546.0
114,Moussa Sissoko,105546.0
109,Erik Lamela,105546.0
1585,Nacho,100697.0
1051,Arkadiusz Milik,100697.0
1052,Borja Valero,100697.0
1053,Fabio Borini,100697.0
1054,Federico Fazio,100697.0
1055,Hakan Calhanoglu,100697.0
1056,Marcelo Brozovic,100697.0
1057,Matías Vecino,100697.0
1058,Patrik Schick,100697.0
1059,Riccardo Montolivo,100697.0
121,Lazar Markovic,98950.0
125,Phil Jones,98950.0
124,Pablo Zabaleta,98950.0
123,Nathaniel Clyne,98950.0
122,Lucas Torreira,98950.0
116,Christian Eriksen,98950.0
120,Jesse Lingard,98950.0
119,Georginio Wijnaldum,98950.0
118,Fernando Llorente,98950.0
117,Danny Ings,98950.0
127,Wilfred Ndidi,98950.0
126,Stephan Lichtsteiner,98950.0
2026,Kevin Strootman,98631.0
1586,Yuri Berchiche,98631.0
527,Mario Gómez,97870.0
526,Lukas Hradecky,97870.0
1587,Stefan Savic,97609.0
528,Marcel Sabitzer,97544.0
531,Yunus Malli,97544.0
530,Serge Gnabry,97544.0
529,Omar Mascarell,97544.0
1588,Jasper Cillessen,97261.0
1589,Rafinha Alcantara,97261.0
1590,Adnan Januzaj,96695.0
1060,Andrea Ranocchia,96652.0
1061,Faouzi Ghoulam,96652.0
1591,Malcom,95412.0
1592,Diego López,95064.0
1062,Luis Muriel,93303.0
1066,Mattia Perin,92628.0
1063,Ciro Immobile,92628.0
1064,Ignazio Abate,92628.0
1065,Lucas Leiva,92628.0
141,Nacho Monreal,92353.0
142,Ricardo Pereira,92353.0
143,Ryan Bertrand,92353.0
144,Seamus Coleman,92353.0
129,Andre Gray,92353.0
128,Abdoulaye Doucouré,92353.0
134,Davide Zappacosta,92353.0
145,Serge Aurier,92353.0
139,Manuel Lanzini,92353.0
138,Lucas Pérez,92353.0
137,Jonjo Shelvey,92353.0
136,Idrissa Gueye,92353.0
135,Fraser Forster,92353.0
133,Chris Smalling,92353.0
132,Charlie Austin,92353.0
131,Asmir Begovic,92353.0
130,Angelo Ogbonna,92353.0
146,Sergio Romero,92353.0
147,Winston Reid,92353.0
140,Michail Antonio,92353.0
2028,Steve Mandanda,91041.0
2027,Memphis Depay,91041.0
1069,Mattia Caldara,88605.0
1068,Juan Jesus,88605.0
1067,Franck Kessié,88605.0
2029,Nacer Chadli,88431.0
148,André Zambo Anguissa,88395.0
149,Issa Diop,88395.0
532,Lars Bender,87082.0
535,Daniel Ginczek,86995.0
533,Abdou Diallo,86995.0
536,Leon Bailey,86995.0
537,Mark Uth,86995.0
538,Matija Nastasic,86995.0
539,Maximilian Arnold,86995.0
540,Paul-Georges Ntep,86995.0
541,Sebastian Jung,86995.0
534,Breel Embolo,86995.0
545,Julian Weigl,86691.0
2030,Lassana Diarra,86691.0
547,Paco Alcácer,86691.0
546,Maximilian Philipp,86691.0
542,Emil Forsberg,86691.0
544,Julian Brandt,86691.0
543,John Anthony Brooks,86691.0
1593,Jesús Navas,86691.0
548,Raffael,86691.0
549,Jean-Kévin Augustin,86125.0
160,Troy Deeney,85756.0
152,Cheikhou Kouyaté,85756.0
151,Ben Chilwell,85756.0
159,Oriol Romeu,85756.0
158,Mario Lemina,85756.0
157,Lukasz Fabianski,85756.0
156,Leighton Baines,85756.0
155,Kieran Trippier,85756.0
161,Victor Wanyama,85756.0
154,Jean Michaël Seri,85756.0
153,Davinson Sánchez,85756.0
150,Alberto Moreno,85756.0
1071,Ricardo Rodríguez,84581.0
1070,Raúl Albiol,84581.0
1594,Iago Aspas,84168.0
550,Bruma,82646.0
1595,Franco Vázquez,82080.0
1596,Sofiane Boufal,81884.0
1072,Cédric Soares,81884.0
1082,Stephan El Shaarawy,80558.0
1073,Aleksandar Kolarov,80558.0
1074,Allan,80558.0
1075,Andrea Bertolacci,80558.0
1077,Giacomo Bonaventura,80558.0
1078,Ivan Strinic,80558.0
1079,Mateo Musacchio,80558.0
1080,Mattia De Sciglio,80558.0
1081,Mattia Destro,80558.0
1076,Andrea Conti,80558.0
1597,Neto,80558.0
1598,André Silva,80471.0
1599,Maxime Gonalons,80471.0
1600,Lucas Vázquez,80275.0
1601,Iñaki Williams,79296.0
1602,Francis Coquelin,79166.0
1603,Gabriel Paulista,79166.0
165,Connor Wickham,79160.0
163,Ben Davies,79160.0
164,Cenk Tosun,79160.0
178,Wes Morgan,79160.0
177,Vicente Guaita,79160.0
176,Simon Mignolet,79160.0
162,Aleksandar Mitrovic,79160.0
174,Scott Dann,79160.0
173,Nathan Redmond,79160.0
172,Mohamed Elyounoussi,79160.0
171,Michael Keane,79160.0
170,Kelechi Iheanacho,79160.0
169,Jannik Vestergaard,79160.0
168,Gerard Deulofeu,79160.0
167,Eric Dier,79160.0
175,Shane Long,79160.0
166,Danny Rose,79160.0
2032,Yann M'Vila,78905.0
2031,Hatem Ben Arfa,78905.0
1604,Theo Hernández,78296.0
551,Kevin Trapp,78035.0
2033,Adil Rami,78035.0
2034,Bertrand Traoré,78035.0
1605,Marc Bartra,78035.0
2035,Mapou Yanga-Mbiwa,78035.0
2036,Nabil Fekir,78035.0
1606,Álvaro Odriozola,77578.0
1607,Gerard Moreno,77426.0
1608,Aleix Vidal,76164.0
554,Ömer Toprak,76121.0
552,Admir Mehmedi,76121.0
553,Salif Sané,76121.0
556,Kevin Kampl,75860.0
555,Davy Klaassen,75860.0
1610,Ángel Correa,75860.0
1609,David López,75860.0
1611,Guido Carrillo,75577.0
1612,Daniel Wass,75468.0
2037,Kamil Glik,75425.0
1613,Nélson Semedo,74577.0
2038,Leandro Paredes,74490.0
179,Jeffrey Schlupp,73882.0
180,Luciano Vietto,73045.0
2039,Stevan Jovetic,72837.0
182,Ben Mee,72563.0
181,Andros Townsend,72563.0
190,Pedro Obiang,72563.0
189,Patrick van Aanholt,72563.0
188,Luka Milivojevic,72563.0
186,James Maddison,72563.0
187,James McArthur,72563.0
185,Jairo Riedewald,72563.0
184,Diogo Jota,72563.0
183,Demarai Gray,72563.0
1083,Krzysztof Piatek,72511.0
1085,Justin Kluivert,72489.0
1084,Andrea Belotti,72489.0
1087,Mário Rui,72489.0
1088,Sergej Milinkovic-Savic,72489.0
1089,Simone Verdi,72489.0
1086,Lorenzo Pellegrini,72489.0
1614,José Gayà,71532.0
1615,Pablo Piatti,71532.0
191,Yoshinori Muto,71244.0
2040,Jemerson,70097.0
2041,Djibril Sidibé,69531.0
1091,Danilo D'Ambrosio,68465.0
1090,Cristián Zapata,68465.0
1098,Vlad Chiriches,68465.0
1092,Diego Laxalt,68465.0
1093,Federico Chiesa,68465.0
1094,Felipe Caicedo,68465.0
1095,Lucas Paquetá,68465.0
1096,Milan Skriniar,68465.0
1097,Salvatore Sirigu,68465.0
2042,Thomas Meunier,67617.0
1616,Quincy Promes,67508.0
1617,José Giménez,67095.0
1618,William Carvalho,66812.0
2043,Naldo,66769.0
215,Phil Jagielka,65966.0
211,Mohamed Elneny,65966.0
212,Nampalys Mendy,65966.0
213,Oumar Niasse,65966.0
214,Pascal Groß,65966.0
216,Pierre-Emile Höjbjerg,65966.0
209,Martín Montoya,65966.0
217,Rúben Neves,65966.0
218,Stuart Armstrong,65966.0
219,Toby Alderweireld,65966.0
220,Tom Cleverley,65966.0
198,Andrew Robertson,65966.0
210,Maya Yoshida,65966.0
200,Carlos Sánchez,65966.0
201,Chris Wood,65966.0
207,Jefferson Lerma,65966.0
206,James Tomkins,65966.0
192,Aaron Cresswell,65966.0
193,Aaron Mooy,65966.0
194,Adrián,65966.0
195,Alex Iwobi,65966.0
196,Alex McCarthy,65966.0
197,Alireza Jahanbakhsh,65966.0
205,James Tarkowski,65966.0
204,James McCarthy,65966.0
203,Harry Winks,65966.0
202,Christian Fuchs,65966.0
208,Mark Noble,65966.0
199,Calum Chambers,65966.0
1619,Sandro Ramírez,65508.0
570,Ádám Szalai,65247.0
557,Alassane Plea,65247.0
559,Andrej Kramaric,65247.0
560,Ante Rebic,65247.0
561,Christoph Kramer,65247.0
2044,Aymen Abdennour,65247.0
562,Gonzalo Castro,65247.0
563,Holger Badstuber,65247.0
564,Jeffrey Bruma,65247.0
565,Jonathas,65247.0
566,Mitchell Weiser,65247.0
567,Niklas Süle,65247.0
568,Nordi Mukiele,65247.0
569,Sandro Wagner,65247.0
558,Aleksandar Dragovic,65247.0
580,Vedad Ibisevic,65029.0
571,Jonathan Tah,65029.0
2045,Adrien Rabiot,65029.0
2047,José Fonte,65029.0
2048,Rafael,65029.0
2049,Thiago Maia,65029.0
579,Timo Werner,65029.0
582,Yannick Gerhardt,65029.0
581,Wout Weghorst,65029.0
2046,Dante,65029.0
572,Kerem Demirbay,65029.0
574,Marcel Halstenberg,65029.0
577,Ralf Fährmann,65029.0
576,Max Kruse,65029.0
575,Matthias Ginter,65029.0
573,Lars Stindl,65029.0
578,Sebastian Rode,65029.0
1620,Dani Ceballos,64507.0
584,Lucas Alario,64464.0
583,Charles Aránguiz,64464.0
1100,Matteo Politano,64442.0
1101,Papu Gómez,64442.0
1099,Elseid Hysaj,64442.0
1102,Simone Zaza,64442.0
1621,Willian José,64007.0
221,Jack Stephens,63328.0
1103,Manolo Gabbiadini,62985.0
585,Lukasz Piszczek,62854.0
1622,Pablo Sarabia,62354.0
1623,Asier Illarramendi,62202.0
1624,Roque Mesa,62202.0
1625,Lucas Hernández,61636.0
2050,Aleksandr Golovin,60788.0
222,Kurt Zouma,60689.0
586,Salomon Kalou,60679.0
1104,Amin Younes,60418.0
1117,Rick Karsdorp,60418.0
1105,Duván Zapata,60418.0
1112,Leonardo Spinazzola,60418.0
1106,Fabián Ruiz,60418.0
1113,Luis Alberto,60418.0
1114,Marko Pjaca,60418.0
1115,Milan Badelj,60418.0
1116,Nicolas N'Koulou,60418.0
1119,Samu Castillejo,60418.0
1120,Valon Berisha,60418.0
1111,Lautaro Martínez,60418.0
1110,Iván Marcano,60418.0
1118,Roberto Gagliardini,60418.0
1109,Iago Falque,60418.0
1108,Gianluca Lapadula,60418.0
1107,Francesco Acerbi,60418.0
2051,M'Baye Niang,60353.0
236,Lewis Dunk,59370.0
230,Fabri,59370.0
231,James Ward-Prowse,59370.0
232,Joe Hart,59370.0
233,Joshua King,59370.0
234,José Izquierdo,59370.0
235,Jürgen Locadia,59370.0
242,Roberto Pereyra,59370.0
237,Marc Albrighton,59370.0
238,Matt Ritchie,59370.0
239,Matteo Darmian,59370.0
240,Mohamed Diamé,59370.0
241,Rachid Ghezzal,59370.0
243,Sebastian Prödl,59370.0
244,Steve Cook,59370.0
227,Daryl Janmaat,59370.0
226,Danny Simpson,59370.0
225,Carl Jenkinson,59370.0
224,Caglar Söyüncü,59370.0
223,Ayoze Pérez,59370.0
245,Steven Defour,59370.0
229,Divock Origi,59370.0
228,Davy Pröpper,59370.0
246,Sergio Rico,59218.0
587,Ibrahima Traoré,58722.0
1626,Clément Lenglet,58700.0
1627,Vicente Iborra,58287.0
2052,Anthony Lopes,57221.0
1628,Bruno Soriano,57004.0
248,Federico Fernández,56731.0
247,Adama Traoré,56731.0
1630,Wesley Hoedt,56699.0
1629,Borja Bastón,56699.0
249,Ryan Babel,56503.0
1128,Senad Lulic,56395.0
1130,Tomás Rincón,56395.0
1129,Stefan Radu,56395.0
1126,José Mauri,56395.0
1127,Marco Parolo,56395.0
1125,Dennis Praet,56395.0
1124,David Ospina,56395.0
1123,Daniele Baselli,56395.0
1122,Cristian Ansaldi,56395.0
1121,Bryan Cristante,56395.0
1131,Roberto Soriano,56221.0
250,Miguel Almirón,55843.0
252,Tom Heaton,55412.0
251,Emerson,55412.0
253,Antonio Barreca,54473.0
254,Raúl Jiménez,54397.0
595,Sven Ulreich,54372.0
593,Niclas Füllkrug,54372.0
589,Daniel Didavi,54372.0
588,Bastian Oczipka,54372.0
590,Jiri Pavlenka,54372.0
591,Josip Drmic,54372.0
592,Marcel Schmelzer,54372.0
594,Roman Bürki,54372.0
602,Willi Orban,54176.0
603,Yann Sommer,54176.0
2053,Moussa Dembélé,54176.0
596,Daniel Caligiuri,54176.0
601,Vladimir Darida,54176.0
599,Leonardo Bittencourt,54176.0
598,Josuha Guilavogui,54176.0
1631,Casemiro,54176.0
1632,Sergio Asenjo,54176.0
600,Manuel Akanji,54176.0
597,Fabian Johnson,54176.0
1633,Óscar de Marcos,54089.0
1634,Thomas,53894.0
1635,Mario Gaspar,53872.0
1636,Jeison Murillo,53546.0
1637,Karl Toko Ekambi,52850.0
266,Jamaal Lascelles,52773.0
256,Angus Gunn,52773.0
257,Arthur Masuaku,52773.0
258,Artur Boruc,52773.0
259,Ashley Barnes,52773.0
260,Ben Gibson,52773.0
261,Callum Wilson,52773.0
262,Fabian Schär,52773.0
263,Fabián Balbuena,52773.0
264,Florin Andone,52773.0
255,Andrii Yarmolenko,52773.0
265,Harry Arter,52773.0
267,Joselu,52773.0
268,Mattéo Guendouzi,52773.0
269,Michel Vorm,52773.0
270,Nathan Aké,52773.0
271,Robert Snodgrass,52773.0
272,Ryan Fredericks,52773.0
273,Sam Gallagher,52773.0
274,Shane Duffy,52773.0
276,Tom Cairney,52773.0
277,Trent Alexander-Arnold,52773.0
278,Wayne Hennessey,52773.0
279,Willy Boly,52773.0
280,Étienne Capoue,52773.0
275,Sung-yong Ki,52773.0
1638,Manu Trigueros,52719.0
2054,Clément Grenier,52610.0
1135,Joaquín Correa,52349.0
1134,Davide Santon,52349.0
1132,Ante Coric,52349.0
1133,Armando Izzo,52349.0
1639,Marko Rog,52306.0
604,Dayot Upamecano,52197.0
2055,Morgan Sanson,52023.0
605,Diego Demme,52023.0
1641,Giovani Lo Celso,52023.0
1640,Gerónimo Rulli,52023.0
2056,Eric Maxim Choupo-Moting,50892.0
1642,Douglas Luiz,50392.0
281,Florian Lejeune,50135.0
282,Jack Cork,50135.0
283,Martin Dubravka,50135.0
284,Leander Dendoncker,50033.0
285,Jordon Ibe,49475.0
2058,Duje Caleta-Car,49413.0
2057,Clinton N'Jie,49413.0
2059,Rémy Cabella,49413.0
2060,Benjamin Henrichs,49152.0
1643,Cristian Tello,48978.0
1644,Mikel Oyarzabal,48761.0
286,Samir Nasri,48638.0
1645,Ibrahim Amadou,48413.0
287,Jonny Castro,48409.0
1646,Markel Susaeta,48391.0
1145,Rolando Mandragora,48326.0
1141,Leonardo Pavoletti,48326.0
1140,Fabio Quagliarella,48326.0
1139,Domenico Criscito,48326.0
1142,Nikola Maksimovic,48326.0
1143,Roberto Inglese,48326.0
1137,Blerim Dzemaili,48326.0
1136,Andrea Petagna,48326.0
1144,Robin Olsen,48326.0
1138,Dalbert,48326.0
2061,Marcelo Antônio Guedes Filho,48217.0
606,Christian Gentner,47673.0
1647,Iker Muniain,47673.0
1648,Santiago Arias,46999.0
1649,Sergio León,46956.0
1650,Mikel Merino,46847.0
2062,Loïc Rémy,46825.0
2063,Maxwel Cornet,46825.0
2064,Thiago Mendes,46825.0
2065,Valère Germain,46825.0
1651,Sergio Escudero,46564.0
1652,Borja Iglesias,46369.0
298,Heurelho Gomes,46177.0
288,Aaron Lennon,46177.0
305,Laurent Depoitre,46177.0
289,Adam Smith,46177.0
319,Terence Kongolo,46177.0
318,Steve Mounié,46177.0
317,Shinji Okazaki,46177.0
316,Ruben Loftus-Cheek,46177.0
315,Robbie Brady,46177.0
314,Paul Dummett,46177.0
313,Nick Pope,46177.0
312,Nathaniel Chalobah,46177.0
311,Michy Batshuayi,46177.0
310,Matt Targett,46177.0
309,Mathew Ryan,46177.0
308,Matej Vydra,46177.0
307,Marcus Bettinelli,46177.0
306,Lewis Cook,46177.0
304,Junior Stanislas,46177.0
297,Erik Durm,46177.0
290,Ainsley Maitland-Niles,46177.0
291,Andrew Surman,46177.0
292,Anthony Knockaert,46177.0
293,Charlie Daniels,46177.0
294,Ciaran Clark,46177.0
296,Diego Rico,46177.0
295,Dan Gosling,46177.0
299,Jason Puncheon,46177.0
300,Javier Manquillo,46177.0
301,Jeff Hendrick,46177.0
302,Joel Ward,46177.0
303,John Ruddy,46177.0
1654,Joaquín,45781.0
1653,Ander Iturraspe,45781.0
1655,Denis Cheryshev,45694.0
1656,Juanmi,45499.0
1657,Ramiro Funes Mori,45238.0
1146,Stefano Sturaro,45238.0
320,Havard Nordtveit,45009.0
1658,Hugo Mallo,44911.0
1659,Stanislav Lobotka,44890.0
321,Vincent Janssen,44857.0
1660,Carlos Soler,44824.0
1160,Vitor Hugo,44302.0
1148,Davide Calabria,44302.0
1149,Gastón Ramírez,44302.0
1150,Germán Pezzella,44302.0
1151,Gerson,44302.0
1147,Albin Ekdal,44302.0
1153,Kevin Mirallas,44302.0
1154,Lorenzo Tonelli,44302.0
1155,Marco Benassi,44302.0
1156,Patrick Cutrone,44302.0
1157,Piotr Zielinski,44302.0
1158,Riza Durmisi,44302.0
1159,Soualiho Meïté,44302.0
1152,Giovanni Simeone,44302.0
1661,Miguel Ángel Moyà,44281.0
1161,Martín Cáceres,44259.0
1162,Sandro,44259.0
2066,Danijel Subasic,44215.0
607,Kevin Wimmer,44085.0
2067,Georges-Kevin N'Koudou,44085.0
1662,Santi Cazorla,43824.0
322,Youri Tielemans,43589.0
323,Zanka,43538.0
1663,Jesús Vallejo,43498.0
622,Santiago Ascacíbar,43498.0
623,Walace,43498.0
621,Pavel Kaderabek,43498.0
625,Yussuf Poulsen,43498.0
620,Patrick Herrmann,43498.0
619,Panagiotis Retsos,43498.0
618,Nuri Sahin,43498.0
617,Nicolai Müller,43498.0
616,Marwin Hitz,43498.0
615,Martin Harnik,43498.0
614,Lukas Rupp,43498.0
613,Ludwig Augustinsson,43498.0
612,Konrad Laimer,43498.0
611,Kevin Vogt,43498.0
610,Jean-Philippe Gbamin,43498.0
609,Felix Klaus,43498.0
608,Denis Zakaria,43498.0
624,Wendell,43498.0
1664,Jesé,43367.0
626,Milot Rashica,43367.0
2068,Jason Denayer,43345.0
1665,Santi Mina,43345.0
628,Alfred Finnbogason,43345.0
637,Stefan Ilsanker,43345.0
629,Daniel Baier,43345.0
630,Fabian Lustenberger,43345.0
631,Jadon Sancho,43345.0
632,Julian Baumgartlinger,43345.0
633,Niklas Moisander,43345.0
634,Péter Gulácsi,43345.0
635,Robin Knoche,43345.0
636,Rune Jarstein,43345.0
627,Alessandro Schöpf,43345.0
638,Vincenzo Grifo,43345.0
639,Yuya Osako,43345.0
1666,Tomas Vaclik,43324.0
1667,Wissam Ben Yedder,43324.0
1668,Antonio Adán,43258.0
2069,Rolando,42997.0
642,Pirmin Schwegler,42976.0
643,Raphaël Guerreiro,42976.0
641,Jetro Willems,42976.0
640,Benjamin Stambouli,42976.0
645,William,42976.0
644,Tony Jantschke,42976.0
325,Jordan Ayew,42878.0
324,Hélder Costa,42878.0
1669,Víctor Ruiz,42823.0
1670,Gabriel Mercado,42671.0
326,Alfie Mawson,42219.0
327,Matty James,42219.0
2070,Bouna Sarr,41606.0
1671,Sergi Darder,41192.0
328,Ashley Westwood,40899.0
1163,Ravel Morrison,40562.0
1672,Cristhian Stuani,40322.0
2071,Gabriel Boschilia,40322.0
1169,Bastos,40279.0
1166,Alex Meret,40279.0
1172,Domenico Berardi,40279.0
1168,Antonio Donnarumma,40279.0
1171,Darijo Srna,40279.0
1170,Cengiz Ünder,40279.0
1164,Alberto Paloschi,40279.0
1165,Alessandro Matri,40279.0
1167,Andrea Consigli,40279.0
1179,Thomas Strakosha,40279.0
1178,Silvio Proto,40279.0
1177,Rodrigo Bentancur,40279.0
1176,Mario Pasalic,40279.0
1175,Josip Ilicic,40279.0
1174,Gervinho,40279.0
1173,Federico Santander,40279.0
2072,Yann Karamoh,40235.0
1180,Rômulo,40235.0
1673,Kevin-Prince Boateng,40235.0
1674,Pablo Fornals,39974.0
350,Ryan Fraser,39580.0
351,Rúben Vinagre,39580.0
352,Simon Francis,39580.0
342,Isaac Success,39580.0
353,Solly March,39580.0
354,Will Hughes,39580.0
355,Willy Caballero,39580.0
347,Lee Grant,39580.0
346,José Holebas,39580.0
345,Jonathan Walters,39580.0
344,Johann Berg Gudmundsson,39580.0
343,Joe Bryan,39580.0
333,Ben Foster,39580.0
341,Glenn Murray,39580.0
340,DeAndre Yedlin,39580.0
339,Danny Williams,39580.0
348,Maarten Stekelenburg,39580.0
338,Dale Stephens,39580.0
337,Christian Kabasele,39580.0
336,Christian Atsu,39580.0
335,Bruno,39580.0
334,Bobby Reid,39580.0
332,Andreas Pereira,39580.0
331,Alex Smithies,39580.0
329,Adama Diakhaby,39580.0
330,Alex Pritchard,39580.0
349,Pape Souaré,39580.0
1675,John Guidetti,39561.0
2073,Alphonse Areola,39452.0
1676,Okay Yokuslu,39278.0
646,André Hahn,39148.0
647,Emiliano Insúa,39148.0
648,Josip Brekalo,39148.0
2074,Lucas Tousart,39148.0
2080,Xeka,39017.0
2075,Adama Soumaoro,39017.0
2076,Jérémy Pied,39017.0
2078,Neven Subotic,39017.0
2079,Tanguy Ndombélé,39017.0
2077,Mike Maignan,39017.0
356,Bruno Ecuele Manga,38920.0
1677,Maximiliano Gómez,38822.0
2081,Nicolas Pépé,38800.0
1181,Juraj Kucka,38713.0
1678,Diego Reyes,38387.0
2082,William Vainqueur,38387.0
1183,Omar Colley,38256.0
1182,Grégoire Defrel,38256.0
649,Michael Lang,38213.0
1679,Emre Mor,38017.0
1681,Martin Braithwaite,37799.0
1680,Jordi Amat,37799.0
650,Reiss Nelson,37799.0
1682,Giannelli Imbula,37473.0
1683,Dani García,37343.0
1684,Sidnei,37212.0
651,Filip Kostic,36973.0
360,Jonas Lössl,36941.0
361,Junior Hoilett,36941.0
357,Adam Masina,36941.0
358,Ivan Cavaleiro,36941.0
359,Joe Gomez,36941.0
362,Marco van Ginkel,36941.0
363,Stephen Ward,36941.0
2083,Kenny Tete,36408.0
1193,Wallace,36255.0
1191,Riccardo Saponara,36255.0
1192,Rodrigo Palacio,36255.0
1190,Ragnar Klavan,36255.0
1189,Lorenzo De Silvestri,36255.0
1187,Jacopo Sala,36255.0
1186,Diego Falcinelli,36255.0
1185,Antonio Mirante,36255.0
1184,Adam Ounas,36255.0
1188,Jordan Veretout,36255.0
364,Tim Ream,35622.0
1685,Diego Llorente,35603.0
1686,Sergio Canales,35342.0
2084,Max Gradel,35103.0
652,Bobby Wood,34798.0
653,Thorgan Hazard,34798.0
2085,Jean-Eudes Aholou,34776.0
1687,Aritz Aduriz,34668.0
2086,Jordan Ferri,34668.0
1194,Edimilson Fernandes,34233.0
1196,Lukasz Skorupski,34233.0
1195,Godfred Donsah,34233.0
1688,Pablo Insua,33928.0
2087,Lucas Ocampos,33819.0
1689,Yeray Álvarez,33754.0
1690,Pione Sisto,33645.0
1691,Santiago Cáseres,33515.0
1692,Alfonso Pedraza,33363.0
368,Christopher Schindler,32983.0
369,Diogo Dalot,32983.0
370,Dominic Solanke,32983.0
380,Maxime Le Marchand,32983.0
372,Josh Murphy,32983.0
373,José Salomón Rondón,32983.0
374,Julián Speroni,32983.0
375,Karl Darlow,32983.0
388,Tom Davies,32983.0
366,Bernardo,32983.0
376,Kenedy,32983.0
377,Lys Mousset,32983.0
378,Martin Kelly,32983.0
379,Matthew Lowton,32983.0
387,Sean Morrison,32983.0
384,Rob Elliot,32983.0
383,Philippe Sandler,32983.0
382,Phil Bardsley,32983.0
367,Charlie Taylor,32983.0
371,Elias Kachunga,32983.0
365,Beram Kayal,32983.0
385,Rob Holding,32983.0
389,Yves Bissouma,32983.0
386,Robert Green,32983.0
381,Miguel Britos,32983.0
1693,Néstor Araujo,32971.0
1694,Beñat Etxebarria,32776.0
654,Amine Harit,32623.0
677,Yvon Mvogo,32623.0
676,Theodor Gebre Selassie,32623.0
675,Sébastien Haller,32623.0
674,Suat Serdar,32623.0
673,Ron-Robert Zieler,32623.0
672,René Adler,32623.0
671,Renato Steffen,32623.0
655,Andreas Beck,32623.0
669,Paulinho,32623.0
667,Pablo Maffeo,32623.0
666,Oscar Wendt,32623.0
665,Nico Elvedi,32623.0
664,Marcelo Saracchi,32623.0
670,Renato Sanches,32623.0
668,Paul Verhaegh,32623.0
663,Marcel Tisserand,32623.0
657,Dennis Aogo,32623.0
658,Genki Haraguchi,32623.0
659,Ishak Belfodil,32623.0
660,Jonathan de Guzmán,32623.0
661,Jérôme Roussillon,32623.0
662,Koen Casteels,32623.0
656,Aron Jóhannsson,32623.0
2088,Jordan Amavi,32515.0
679,Alexandru Maxim,32515.0
678,Achraf Hakimi,32515.0
680,Christian Pulisic,32515.0
688,Matthias Ostrzolek,32515.0
687,Matheus Cunha,32515.0
681,Davie Selke,32515.0
682,Dominik Kohr,32515.0
684,Kai Havertz,32515.0
683,Jonas Hofmann,32515.0
685,Lukas Klostermann,32515.0
689,Michaël Cuisance,32515.0
686,Marvin Plattenhardt,32515.0
690,Nadiem Amiri,32515.0
691,Oliver Sorg,32515.0
692,Tin Jedvaj,32515.0
2089,Loïs Diony,32471.0
1695,Andrés Guardado,32341.0
390,Joe Ralls,32324.0
1696,Javi García,32232.0
1198,Alberto Grassi,32210.0
1197,Adam Marusic,32210.0
1199,Andrea Poli,32210.0
1204,Jordan Lukaku,32210.0
1203,Jakub Jankto,32210.0
1206,Patric,32210.0
1207,Rafael Tolói,32210.0
1202,Giancarlo González,32210.0
1208,Valon Behrami,32210.0
1201,Dusan Basta,32210.0
1200,Danilo Larangeira,32210.0
1205,Kévin Malcuit,32210.0
1209,Sebastien De Maio,32188.0
1697,Nemanja Radoja,32123.0
1698,Mathias Jensen,31775.0
391,Aron Gunnarsson,31664.0
694,Markus Suttner,31492.0
1699,Portu,31492.0
693,Marko Grujic,31492.0
1700,Gustavo Cabral,31297.0
2090,Maxime López,31275.0
2092,Diego Carlos,31210.0
2093,Nicolas de Préville,31210.0
2091,Benoît Costil,31210.0
1701,Joris Gnagnon,31079.0
1702,Pau López,30992.0
1703,Jaume Costa,30818.0
2094,Erik Pieters,30666.0
1704,Guilherme Arana,30492.0
2095,Andrea Raggi,30448.0
695,David Abraham,30448.0
1705,Sergi Enrich,30448.0
1706,Dimitrios Siovas,30427.0
397,Marc Navarro,30345.0
396,Kevin Long,30345.0
395,Florent Hadergjonaj,30345.0
394,Eldin Jakupovic,30345.0
393,Craig Cathcart,30345.0
392,Ademola Lookman,30345.0
2097,Jérémy Morel,30340.0
2096,Houssem Aouar,30340.0
2098,Wahbi Khazri,30253.0
1211,Ibrahima Mbaye,30209.0
1212,Ronaldo Vieira,30209.0
1210,Gianluca Caprari,30209.0
2099,Valentin Eysseric,30166.0
1213,Valter Birsa,29905.0
400,Jonathan Hogg,29685.0
399,Callum Paterson,29685.0
398,Brendan Galloway,29685.0
1709,Roberto Rosales,29404.0
1708,Keko,29404.0
1707,Jony,29404.0
1710,Víctor Sánchez,29296.0
403,Romain Saïss,29025.0
402,Kevin McDonald,29025.0
401,Isaac Hayden,29025.0
1711,Raúl Navas,28774.0
2100,Ismaïla Sarr,28600.0
1712,Enes Ünal,28578.0
2101,Danilo Barbosa da Silva,28578.0
404,Juan Foyth,28492.0
1713,Mikel Balenziaga,28317.0
1714,Daniel Carriço,28274.0
696,Nico Schulz,28274.0
2103,Kalifa Coulibaly,28274.0
2102,Anthony Limbombe,28274.0
1227,Luiz Felipe,28187.0
1220,Etrit Berisha,28187.0
1225,Khouma Babacar,28187.0
1224,Filip Djuricic,28187.0
1223,Filip Djordjevic,28187.0
1222,Federico Peluso,28187.0
1221,Federico Marchetti,28187.0
1218,Danilo Cataldi,28187.0
1219,Emanuele Giaccherini,28187.0
1228,Manuel Locatelli,28187.0
1217,Bruno Alves,28187.0
1216,Andrea Favilli,28187.0
1215,Amadou Diawara,28187.0
1214,Alfred Duncan,28187.0
1226,Lucas Castro,28187.0
1229,Marten de Roon,28187.0
1230,Mirko Valdifiori,28187.0
1231,Nenad Tomović,28187.0
1232,Nicolò Barella,28187.0
1233,Nicolò Zaniolo,28187.0
1234,Simone Missiroli,28187.0
1235,Simone Padoin,28187.0
1236,Álex Berenguer,28187.0
1715,Sebastián Cristóforo,28187.0
1716,Javi Fuego,28165.0
1717,Rúben Vezo,28165.0
1237,Alessandro Murgia,28165.0
2104,Andreas Cornelius,28165.0
2105,Ferland Mendy,28165.0
1238,Cyril Théréau,28056.0
1718,Takashi Inui,28013.0
2106,Yaya Sanogo,27708.0
405,Bakary Sako,27706.0
406,Daniel Amartey,27706.0
2107,Johan Larsson,27621.0
1719,Rubén Blanco,27273.0
1720,Ibai Gómez,27099.0
1721,Andrés Fernández,26990.0
1722,Hernán Pérez,26860.0
1723,Sergi Gómez,26795.0
1239,Nicola Sansone,26751.0
1724,Cristiano Piccini,26664.0
1725,Pedro León,26642.0
407,Gaëtan Bong,26640.0
1726,Fabián Orellana,26599.0
1727,Unai Simón,26512.0
1728,Recio,26447.0
408,Leandro Bacuna,26412.0
414,Dominic Calvert-Lewin,26387.0
409,Chris Löwe,26387.0
410,Cyrus Christie,26387.0
415,Jan Bednarek,26387.0
412,Danny Ward,26387.0
413,David Brooks,26387.0
411,Danny Ward,26387.0
423,Tom Smith,26387.0
422,Tim Fosu-Mensah,26387.0
421,Ryan Bennett,26387.0
420,Paulo Gazzaniga,26387.0
419,Oleksandr Zinchenko,26387.0
418,Marcus Rashford,26387.0
417,Kyle Walker-Peters,26387.0
416,Kiko Femenía,26387.0
1729,Sabin Merino,26294.0
1730,Sergi Samper,26186.0
1240,Nicola Murru,26186.0
1241,Édgar Barreto,26186.0
1731,Nemanja Maksimovic,26099.0
704,Martin Hinteregger,26099.0
703,Karim Rekik,26099.0
702,Joshua Brenet,26099.0
701,Jonathan Schmid,26099.0
700,Ja-cheol Koo,26099.0
699,Gelson Fernandes,26099.0
698,Benjamin Pavard,26099.0
697,Anthony Ujah,26099.0
2108,François Kamano,26077.0
2109,Hiroki Sakai,26033.0
706,Niklas Stark,26012.0
2115,Rony Lopes,26012.0
1732,José Luis Morales,26012.0
2112,Lucas Evangelista,26012.0
710,Valentino Lazaro,26012.0
709,Timo Baumgartl,26012.0
708,Philipp Max,26012.0
707,Per Ciljan Skjelbred,26012.0
1733,Nikola Vukcevic,26012.0
705,Kasim Adams,26012.0
2111,Ciprian Tatarusanu,26012.0
2110,Allan Saint-Maximin,26012.0
2113,Léo Dubois,26012.0
2114,Nicolas Pallois,26012.0
1734,Roberto,26012.0
2116,Wylan Cyprien,26012.0
1735,Paulo Oliveira,25816.0
425,Neil Etheridge,25727.0
424,Joe Bennett,25727.0
1736,Unai Núñez,25642.0
1737,Ander Capa,25577.0
1738,Facundo Roncaglia,25533.0
1739,Gonzalo Escalante,25511.0
1740,Xabier Etxeita,25468.0
2117,Christopher Nkunku,25316.0
1242,Marvin Zeegelaar,25229.0
1741,Ryad Boudebouz,25207.0
1743,Kenneth Omeruo,25185.0
1742,Dimitri Foulquier,25185.0
711,Reece Oxford,25185.0
1744,Jaime Mata,25098.0
426,Greg Cunningham,25067.0
427,Lee Peltier,25067.0
428,Matthew Connolly,25067.0
2118,Diego Benaglio,24989.0
2119,Martin Terrier,24968.0
1745,Michael Santos,24881.0
1746,Marcos Llorente,24859.0
1243,Emiliano Viviano,24685.0
1747,Gaël Kakuta,24663.0
429,Nathaniel Mendez-Laing,24408.0
1748,Antonio Barragán,24337.0
1750,Mario Hermoso,24315.0
1749,Iñigo Córdoba,24315.0
1250,Federico Di Francesco,24163.0
1251,Filip Bradaric,24163.0
1256,Jonathan Biabiany,24163.0
1257,João Pedro,24163.0
1751,Ezequiel Muñoz,24163.0
1258,Koffi Djidji,24163.0
1259,Luca Antonelli,24163.0
1260,Luca Ceppitelli,24163.0
1261,Luca Cigarini,24163.0
1262,Luca Rossettini,24163.0
1263,Marco Sportiello,24163.0
1264,Marlon,24163.0
1265,Matías Silvestre,24163.0
1266,Mehdi Bourabia,24163.0
1267,Nikola Milenkovic,24163.0
1268,Oscar Hiljemark,24163.0
1269,Perparim Hetemaj,24163.0
1248,Cristiano Biraghi,24163.0
1255,Jasmin Kurtic,24163.0
1254,Gian Marco Ferrari,24163.0
1253,Francesco Magnanelli,24163.0
1252,Francesco Caputo,24163.0
1249,Ervin Zukanovic,24163.0
1270,Riccardo Orsolini,24163.0
1247,Artur Ionita,24163.0
1245,Alessio Cragno,24163.0
1244,Alban Lafont,24163.0
1246,Andrei Radu,24163.0
1271,Ivan Radovanovic,24141.0
1272,Marco Sau,24141.0
1752,Héctor Moreno,24054.0
1753,Marc Muniesa,24032.0
430,Leon Balogun,23875.0
1754,Rubén Pérez,23858.0
2121,Sanjin Prcic,23837.0
2120,Marçal,23837.0
1755,Rubén Rochina,23837.0
1273,Luca Siligardi,23771.0
431,Josh Sims,23748.0
432,Adalberto Peñaranda,23697.0
1756,Diego Rolan,23641.0
1757,Gaku Shibasaki,23597.0
1758,Óscar Trejo,23576.0
1759,Javi Eraso,23554.0
1760,Sergio Álvarez,23511.0
1761,Sergio Álvarez Díaz,23511.0
2124,Loïc Perrin,23402.0
2122,Baptiste Reynet,23402.0
2125,Mathieu Debuchy,23402.0
2123,Gaëtan Laborde,23402.0
2126,Stéphane Ruffier,23402.0
1274,Marco Andreolli,23380.0
2127,Robert Beric,23141.0
433,Abdelhamid Sabiri,23088.0
712,Almamy Touré,23076.0
1275,Miguel Veloso,23054.0
1762,Iñigo Lekue,22967.0
1763,Raúl de Tomás,22945.0
1764,Carles Planas,22836.0
716,Makoto Hasebe,22619.0
717,Sascha Riether,22619.0
715,Julian Korb,22619.0
714,Edgar Prib,22619.0
2128,Björn Engels,22619.0
713,Benjamin Hübner,22619.0
1765,Borja García,22597.0
434,Juninho Bacuna,22429.0
1766,Rubén Sobrino,22314.0
1279,Federico Mattiello,22162.0
1281,Moise Kean,22162.0
1282,Riccardo Meggiorini,22162.0
1278,Fabio Ceravolo,22162.0
1276,Emil Audero,22162.0
1283,Stefano Sorrentino,22162.0
1280,Ladislav Krejci,22162.0
1277,Emmanuel Badu,22162.0
2129,Romain Hamouma,22097.0
1284,Stefano Okaka,22075.0
2130,Pietro Pellegri,22053.0
1767,Alexander Szymanowski,21901.0
2131,Nolan Roux,21858.0
2132,Nemanja Radonjic,21836.0
435,Kenneth Zohore,21769.0
719,Danny Latza,21749.0
723,Frederik Rönnow,21749.0
718,Chadrac Akolo,21749.0
729,Marc Oliver Kempf,21749.0
724,Guido Burgstaller,21749.0
725,Ihlas Bebou,21749.0
727,Joel Pohjanpalo,21749.0
720,Erik Thommy,21749.0
728,Kevin Möhwald,21749.0
726,Jeffrey Gouweleeuw,21749.0
722,Florian Grillitsch,21749.0
721,Felipe Trevizan Martins,21749.0
2133,Abdul Rahman Baba,21749.0
730,Philipp Bargfrede,21749.0
731,Sergio Gómez,21749.0
2134,Naïm Sliti,21705.0
739,Stefan Bell,21684.0
740,Tobias Strobl,21684.0
734,Ibrahima Konaté,21684.0
1768,Mikel San José,21684.0
2135,Pape Cheikh,21684.0
1769,Raphael Dwamena,21684.0
735,Jean-Philippe Mateta,21684.0
738,Ondrej Duda,21684.0
737,Nicólas González,21684.0
736,Michael Gregoritsch,21684.0
732,Arne Maier,21684.0
733,Ermin Bicakcic,21684.0
741,Thomas Kraft,21662.0
1770,Borja Mayoral,21662.0
1771,Kike,21662.0
1772,Kenan Kodro,21640.0
1773,Fernando Pacheco,21597.0
1774,Facundo Ferreyra,21510.0
1775,Mikel Vesga,21510.0
1776,Alex Remiro,21444.0
1777,Jonathan Calleri,21379.0
1778,Juan Camilo Hernández,21336.0
436,Víctor Camarasa,21262.0
1779,Pape Diop,21140.0
438,David Button,21109.0
439,Jason Steele,21109.0
437,Dan Burn,21109.0
1780,Jaume Doménech,21096.0
1781,Aïssa Mandi,21075.0
2136,Edgar Ié,21031.0
2139,Otávio,21031.0
1782,José Manuel Arnáiz,21031.0
2138,Luiz Araújo,21031.0
2137,François Moubandje,21031.0
1783,Alejandro Gálvez,21009.0
1784,Iván Ramis,20922.0
2140,Kévin Monnet-Paquet,20922.0
1785,Joseba Zaldua,20879.0
2143,Jimmy Briand,20814.0
2144,Jimmy Durmaz,20814.0
2145,Valentin Rongier,20814.0
2146,Yohann Pelé,20814.0
2147,Younousse Sankharé,20814.0
2142,Jakob Johansson,20814.0
742,Fin Bartels,20814.0
2141,Benjamin André,20814.0
1786,Pere Pons,20748.0
440,Peter Crouch,20729.0
2148,Jonathan Bamba,20487.0
1285,Antonio Sanabria,20444.0
1787,Zouhair Feddal,20379.0
1788,Álvaro García,20379.0
1789,Moses Simon,20357.0
1790,Franco Di Santo,20313.0
2149,Zeki Celik,20270.0
1791,Jozabed Sánchez,20183.0
1286,Afriyie Acquah,20139.0
1287,Alberto Cerri,20139.0
1288,Andrea Masiello,20139.0
1289,Antonino La Gumina,20139.0
1290,Bryan Dabo,20139.0
1315,Vincent Laurini,20139.0
1316,Ádám Nagy,20139.0
1291,Camillo Ciano,20139.0
1292,Charalampos Lykogiannis,20139.0
1312,Remo Freuler,20139.0
1293,Cristian Molinaro,20139.0
1314,Stefano Sensi,20139.0
1296,Daniele Padelli,20139.0
1295,Daniel Fuzato,20139.0
1294,Daniel Ciofani,20139.0
1313,Seko Fofana,20139.0
1305,Karol Linetty,20139.0
1304,Ignacio Pussetto,20139.0
1311,Raman Chibsah,20139.0
1303,Goran Pandev,20139.0
1302,Gianluca Pegolo,20139.0
1301,Francesco Bardi,20139.0
1300,Filip Helander,20139.0
1299,Federico Dionisi,20139.0
1298,Federico Ceccherini,20139.0
1297,Edoardo Goldaniga,20139.0
1306,Lorenzo Ariaudo,20139.0
1307,Luigi Sepe,20139.0
1308,Ola Aina,20139.0
1309,Orestis Karnezis,20139.0
1310,Rafael Cabral,20139.0
1319,Vasco Regini,20118.0
1317,Ezequiel Schelotto,20118.0
1318,Fabrizio Cacciatore,20118.0
1792,Aritz Elustondo,20074.0
1793,Burgui,19944.0
1794,Ángel Rodríguez,19835.0
1795,David Soria,19813.0
441,Aaron Wan-Bissaka,19790.0
448,Ken Sema,19790.0
442,Adrian Mariappa,19790.0
443,Arijanet Muric,19790.0
444,Conor Coady,19790.0
450,Stuart O'Keefe,19790.0
446,Jon Gorenc-Stankovic,19790.0
445,Emerson Hyndman,19790.0
449,Philip Billing,19790.0
447,Jonjoe Kenny,19790.0
2150,Hyun-jun Suk,19770.0
1320,Diego Farias,19683.0
743,Aarón Martín,19574.0
2153,Paul Baysse,19509.0
1796,Coke,19509.0
1798,Vitorino Antunes,19509.0
1799,Yoel Rodríguez,19509.0
2151,Christophe Jallet,19509.0
2152,Jaroslav Plasil,19509.0
1797,Juanpi Añor,19509.0
745,Mathew Leckie,19509.0
744,Lucas Torró,19509.0
2154,Benjamin Bourigeaud,19248.0
1800,Juanpe,19226.0
746,Atinc Nukan,19182.0
2155,Claudio Beauvue,19182.0
2156,Arbër Zeneli,19074.0
2157,Alexandre Mendy,19030.0
1801,Unai López,19030.0
1802,Álvaro González,19008.0
1804,Samu Sáiz,18900.0
1803,Carles Aleñà,18900.0
747,Takuma Asano,18900.0
2158,Nicolas Benezet,18878.0
1805,Federico Valverde,18835.0
1806,José Ángel,18813.0
1807,Duje Cop,18661.0
1808,Bebé,18639.0
1809,Álex Granell,18639.0
1810,Youssef En-Nesyri,18595.0
451,Sol Bamba,18471.0
2159,Souleymane Camara,18378.0
1811,Iván Cuéllar,18291.0
1812,Mauro Arambarri,18291.0
2160,Didier Ndong,18269.0
1813,Mario Suárez,18247.0
2161,Benjamin Lecomte,18204.0
2164,Ronny Rodelin,18204.0
2162,Faitout Maouassa,18204.0
2163,Jordan Siebatcheu,18204.0
2165,Rene Krhin,18160.0
1325,Júnior Tavares,18117.0
1814,David Juncà,18117.0
1327,Mitchell Dijks,18117.0
1326,Kevin Lasagna,18117.0
1324,José Luis Palomino,18117.0
1323,Davide Biraschi,18117.0
1322,Bostjan Cesar,18117.0
1321,Bartosz Bereszynski,18117.0
1329,Nicola Rigoni,18117.0
1330,Rodrigo de Paul,18117.0
1328,Nehuén Paz,18117.0
748,Dawid Kownacki,18095.0
1815,Edinaldo Gomes Pereira,18052.0
1816,Jon Bautista,17986.0
2166,Majeed Waris,17986.0
1817,Dídac Vilà,17965.0
1818,Lei Wu,17921.0
2167,Chang-hun Kwon,17834.0
1819,Bernardo Espinosa,17834.0
1820,Álex Gallar,17769.0
452,Neeskens Kebano,17760.0
1821,Rubén Peña,17747.0
1822,Jorge Miramón,17725.0
1823,Mubarak Wakaso,17660.0
2168,Lamine Koné,17638.0
2169,Rui Fonte,17638.0
2170,Timothée Kolodziejczak,17638.0
1331,Lucas Piazón,17617.0
1824,Daniel Raba,17617.0
1825,José Pozo,17595.0
2171,Adrien Hunou,17573.0
1826,Joan Jordán,17551.0
1827,Ximo Navarro,17551.0
2172,Andy Delort,17551.0
2173,Papy Djilobodji,17464.0
2174,Romain Amalfitano,17443.0
1828,Anthony Lozano,17443.0
749,Daniel Brosinski,17399.0
751,Waldemar Anton,17399.0
750,Dennis Geiger,17399.0
2175,Paul Lasne,17377.0
1829,Emiliano Velázquez,17356.0
752,Dominique Heintz,17334.0
756,Moussa Niakhaté,17334.0
1830,David Zurutuza,17334.0
1831,Mouctar Diakhaby,17334.0
753,Dong-won Ji,17334.0
754,Lukas Klünter,17334.0
755,Marvin Stefaniak,17334.0
757,Nils Petersen,17334.0
1832,Johan Mojica,17290.0
2177,Serhou Guirassy,17290.0
2176,Baptiste Santamaría,17290.0
453,Jazz Richards,17151.0
758,Ivo Ilicevic,17073.0
1833,Charles,16986.0
784,Peter Pekarik,16964.0
796,Weston McKennie,16964.0
789,Simon Falette,16964.0
791,Takashi Usami,16964.0
792,Taleb Tawatha,16964.0
793,Thanos Petsos,16964.0
794,Timothy Chandler,16964.0
795,Virgil Misidjan,16964.0
765,Fabian Giefer,16964.0
787,Robin Quaison,16964.0
764,Danny da Costa,16964.0
768,Goncalo Paciencia,16964.0
763,Christian Günter,16964.0
762,Branimir Hrgota,16964.0
761,Anastasios Donis,16964.0
1834,Uche Agbo,16964.0
788,Sebastian Langkamp,16964.0
786,Robin Koch,16964.0
783,Pavao Pervan,16964.0
776,Marco Terrazzino,16964.0
782,Pascal Köpke,16964.0
781,Niko Bungert,16964.0
780,Milos Veljkovic,16964.0
779,Mijat Gacinovic,16964.0
778,Miiko Albornoz,16964.0
777,Marius Müller,16964.0
775,Marco Russ,16964.0
785,Ramazan Özcan,16964.0
774,Levin Öztunali,16964.0
773,Konstantinos Stafylidis,16964.0
772,Jean-Paul Boëtius,16964.0
771,Iver Fossum,16964.0
770,Isaac Kiese Thelin,16964.0
769,Hamza Mendyl,16964.0
790,Steven Zuber,16964.0
767,Giulio Donati,16964.0
760,Amadou Haidara,16964.0
766,Florian Niederlechner,16964.0
759,Alexander Esswein,16964.0
1835,Pablo Hervías,16942.0
2178,Damien Da Silva,16899.0
2180,Pedro Mendes,16899.0
2179,Mexer,16899.0
1836,Abdoulaye Ba,16855.0
2181,Myziane Maolida,16790.0
1837,Djené,16725.0
2182,Ludovic Baal,16703.0
2183,Carlos Vinícius,16681.0
1838,Andrii Lunin,16660.0
2184,Juan Ferney Otero,16660.0
1839,Iago Herrerín,16594.0
2185,Hamari Traoré,16529.0
797,Dodi Lukebakio,16507.0
454,Ibrahima Cissé,16492.0
1840,Martin Aguirregabiria,16464.0
1332,Marcello Trotta,16420.0
1841,Rubén Duarte,16312.0
1842,Nacho Martínez,16290.0
2186,Pablo Chavarría,16268.0
1844,Nabil El Zhar,16246.0
1843,Cheick Doukouré,16246.0
1845,Ignasi Miquel,16225.0
1346,Jeremie Boga,16116.0
1340,Fabio Pisacane,16116.0
1348,Lukasz Teodorczyk,16116.0
1347,Juan Musso,16116.0
1349,Manuel Lazzari,16116.0
1341,Federico Barba,16116.0
1344,Francesco Vicari,16116.0
1343,Filippo Romagna,16116.0
1357,Rade Krunic,16116.0
1358,Sasa Lukic,16116.0
1359,Sebastiano Luperto,16116.0
1360,Timothy Castagne,16116.0
1350,Mariusz Stepinski,16116.0
1345,Jacopo Dezi,16116.0
1339,Erick Pulgar,16116.0
1338,Emiliano Moretti,16116.0
1337,David Hancko,16116.0
1351,Mattias Svanberg,16116.0
1352,Mauricio Lemos,16116.0
1353,Mirco Antenucci,16116.0
1354,Paolo Faragò,16116.0
1355,Pasquale Schiattarella,16116.0
1356,Pierluigi Gollini,16116.0
1342,Felipe Dal Bello,16116.0
2188,Ramy Bensebaini,16116.0
2187,Jonas Martin,16116.0
1333,Alessandro Bastoni,16116.0
1334,Alex Ferrari,16116.0
1335,Bartosz Salamon,16116.0
1336,Darko Lazovic,16116.0
2189,Facundo Píriz,16094.0
1363,Luca Pellegrini,16094.0
1364,Simone Edera,16094.0
1361,Gabriel Brazão,16094.0
1362,Giuseppe Pezzella,16094.0
1846,Patrick Twumasi,16094.0
455,Karlan Grant,16086.0
1847,Tomás Pina,16007.0
2191,Jonathan Ikoné,15985.0
2190,Corentin Jean,15985.0
1848,Esteban Granero,15964.0
1849,Pablo de Blasis,15964.0
1850,Marc Roca,15942.0
1851,Mikel Rico,15920.0
1852,Míchel,15920.0
1853,Amath Ndiaye,15877.0
2192,Kévin N'Doram,15877.0
2193,Firmin Mubele,15833.0
457,Ben Woodburn,15832.0
460,Phil Foden,15832.0
456,Ben Hamer,15832.0
458,Jamal Blackman,15832.0
459,Kadeem Harris,15832.0
1854,Allan Nyom,15746.0
1855,Patrick Roberts,15746.0
2194,Sheyi Ojo,15746.0
1856,Pedro Alcalá,15724.0
2195,Tomas Hubocan,15724.0
2196,Mateo Pavlovic,15659.0
1365,Roger Ibañez,15659.0
1857,Marko Dmitrovic,15659.0
2197,Flavien Tait,15637.0
2205,Romain Danzé,15616.0
2203,Matz Sels,15616.0
2204,Pablo,15616.0
2202,Mathieu Dossevi,15616.0
2198,Daniel Congré,15616.0
2200,John Bostock,15616.0
2199,Idriss Saadi,15616.0
2201,Lionel Carole,15616.0
1858,Júnior Firpo,15572.0
1859,Seydou Doumbia,15550.0
1860,Bruno González,15485.0
1861,Gonzalo Melero,15463.0
1862,Luis Advíncula,15442.0
1863,Adrián Marín,15420.0
2207,Hilton,15420.0
2206,Christopher Jullien,15420.0
461,Chris Mepham,15401.0
1864,Gorka Iraizoz,15398.0
1865,Kevin Vázquez,15355.0
2208,Gabriel Silva,15268.0
2209,Stefan Mitrovic,15268.0
798,Borna Sosa,15224.0
802,Pascal Stenzel,15224.0
801,Julian Schieber,15224.0
800,Josip Elez,15224.0
799,Christian Mathenia,15224.0
1866,Loren Morón,15181.0
1867,Roger Martí,15181.0
1868,Víctor Laguardia,15181.0
803,Gaëtan Bussmann,15181.0
804,Marvin Ducksch,15181.0
805,Mike Frantz,15181.0
2210,Adrien Tamèze,15159.0
1869,Aday,15137.0
1870,Damián Musto,15115.0
806,Michael Esser,15094.0
2211,Tomas Koubek,15050.0
1871,Fran Beltrán,15050.0
1872,Luismi,15007.0
1873,Antonio Luna,14985.0
1874,Brahim Díaz,14985.0
1875,Brais Méndez,14963.0
1876,Gerard Gumbau,14811.0
1877,Rodrigo Ely,14724.0
2212,Kolbeinn Sigthórsson,14702.0
1878,Joel Robles,14680.0
2213,Jérémy Gelin,14637.0
1879,Unai Bustinza,14593.0
2214,Jordan Marié,14593.0
1880,David Costas,14550.0
1881,Luisinho,14550.0
1882,Kévin Rodrigues,14463.0
1883,Carlos Vigaray,14441.0
1884,Toni Villa,14376.0
1885,Jordi Calavera,14332.0
2218,Vincent Pajot,14311.0
2217,Thomas Mangani,14311.0
2216,Romain Thomas,14311.0
2215,Ludovic Butelle,14311.0
2219,Youssouf Sabaly,14289.0
1886,Toni Lato,14202.0
2220,Cheikh N'Doye,14202.0
1887,Óscar Plano,14202.0
1888,Guillermo Maripán,14158.0
1368,Lyanco,14137.0
2221,Samuel Kalu,14137.0
807,Jérôme Gondorf,14137.0
808,Luca Waldschmidt,14137.0
1367,Lukas Lerager,14137.0
809,Philipp Lienhart,14137.0
1889,Óscar Duarte,14137.0
1366,Federico Viviani,14137.0
1381,Pol Lirola,14093.0
810,Alfredo Morales,14093.0
1890,Enis Bardhi,14093.0
1891,Oier Olazábal,14093.0
1386,William Troost-Ekong,14093.0
1385,Sergio Pellissier,14093.0
1384,Samir,14093.0
1383,Salvador Ichazo,14093.0
1369,Angelo da Costa,14093.0
1382,Rogério,14093.0
1380,Marco D'Alessandro,14093.0
1379,Luca Rigoni,14093.0
1378,Luca Mazzitelli,14093.0
1377,Jens Stryger Larsen,14093.0
1375,Filippo Costa,14093.0
1374,Daniel Bessa,14093.0
1373,Claud Adjapong,14093.0
1372,Christian Nörgaard,14093.0
1371,Christian Kouamé,14093.0
1370,Bremer,14093.0
1376,Ismaël Bennacer,14093.0
1892,Damián Suárez,14028.0
811,Tyler Adams,14028.0
2222,Romain Del Castillo,14028.0
2223,Guessouma Fofana,14006.0
1893,Jonás Ramalho,13985.0
1894,Sergio Reguilón,13854.0
462,Brian Murphy,13853.0
1895,Pere Milla,13832.0
2224,Dimitri Liénard,13767.0
2225,Baptiste Guillaume,13745.0
2226,Saman Ghoddos,13745.0
2227,Yoan Cardinale,13745.0
2228,Cristian López,13724.0
1896,Sergio García,13702.0
813,Felix Uduokhai,13571.0
815,Marvin Bakalorz,13571.0
1897,Francisco Portillo,13571.0
1898,Jonathan Silva,13571.0
814,Jan-Ingwer Callsen-Bracker,13571.0
812,Amir Abrashi,13571.0
816,Phillipp Mwene,13550.0
1899,Andrew Hjulsager,13550.0
1900,Igor Zubeldia,13463.0
2230,Ludovic Ajorque,13289.0
2229,Charles Traoré,13289.0
2231,Samuel Grandsir,13267.0
1901,Sergi Guardiola,13223.0
463,Harvey Barnes,13193.0
464,Matt Doherty,13193.0
465,Scott McTominay,13193.0
2234,Racine Coly,13158.0
2232,Jordi Mboula,13158.0
2233,Loïc Puyo,13158.0
819,Nicolas Höfler,13049.0
818,Kevin Akpoguma,13049.0
817,Alexander Hack,13049.0
820,Roland Sallai,13049.0
2235,Jérémy Grimm,13049.0
1902,Jorge Molina,13028.0
824,Kaan Ayhan,13006.0
1903,Erick Cabaco,13006.0
2239,Fayçal Fajr,13006.0
2238,Enzo Crivelli,13006.0
2237,Benjamin Corgnet,13006.0
2236,Aaron Leya Iseka,13006.0
821,Alexander Schwolow,13006.0
822,Derrick Luckassen,13006.0
823,Eduard Löwen,13006.0
2240,Jérémy Sorbon,13006.0
825,Marcin Kaminski,13006.0
826,Pierre Kunde Malong,13006.0
827,Rouwen Hennings,13006.0
828,Tobias Sippel,13006.0
1904,José Campaña,13006.0
1905,Jean-Clair Todibo,12984.0
2241,Valentin Rosier,12919.0
1906,Rubén Alcaraz,12875.0
2242,Felix Eboa Eboa,12832.0
2243,Youssouf Koné,12723.0
2244,Stéphane Bahoken,12701.0
2245,Lebo Mothiba,12658.0
2246,Prince Oniangué,12593.0
1907,Yangel Herrera,12593.0
466,Loïc Damour,12534.0
2247,Walter Benítez,12527.0
2248,Oussama Haddadi,12484.0
1908,Gorka Elustondo,12484.0
2249,Mihailo Ristic,12462.0
829,Benito Raman,12462.0
1909,Oscar Melendo,12462.0
830,Yuya Kubo,12440.0
2251,Thomas Foket,12440.0
2250,Gen Shoji,12440.0
1910,Javi López,12397.0
1911,David Ferreiro,12375.0
1387,Marcel Büchel,12332.0
1912,Ferrán Torres,12288.0
467,Isaac Mbenza,12255.0
1913,Bono,12223.0
2252,James Léa Siliki,12179.0
1914,Antoñito,12158.0
1915,Kiko Olivas,12158.0
1407,Manuel Pasqual,12092.0
1397,Giangiacomo Magnani,12092.0
1400,Hans Hateboer,12092.0
1411,Mattia Valoti,12092.0
1398,Giovanni Di Lorenzo,12092.0
1410,Matteo Scozzarella,12092.0
1409,Marco Capuano,12092.0
1408,Manuel Pucciarelli,12092.0
1389,Arkadiusz Reca,12092.0
1406,Luka Krajnc,12092.0
1405,Levan Mchedlidze,12092.0
1404,Leonardo Capezzi,12092.0
1388,Antonino Barillà,12092.0
1390,Berat Djimsiti,12092.0
1403,Koray Günter,12092.0
2254,Ronaël Pierre-Gabriel,12092.0
1402,Kevin Bonifazi,12092.0
1401,Ivan Lakicevic,12092.0
1391,Bruno Jordão,12092.0
1392,Carlo Pinsoglio,12092.0
1393,Domenico Maietta,12092.0
1394,Enrico Brignola,12092.0
1395,Esteban Rolón,12092.0
1396,Francesco Zampano,12092.0
2253,Rafik Guitane,12092.0
1399,Guido Guerrieri,12092.0
1412,Nicolas Frey,12092.0
1416,Rafael de Andrade Bittencourt,12092.0
1419,Thiago Cionek,12092.0
1418,Sergio Floccari,12092.0
1417,Robin Gosens,12092.0
1415,Pedro Pereira,12092.0
1414,Pedro Neto,12092.0
1413,Nicolò Brighenti,12092.0
2257,Oumar Solet,12071.0
2256,Marcus Thuram,12071.0
2255,Emil Krafth,12071.0
1420,Cristian Dell'Orco,12071.0
1421,Marko Pajac,12071.0
1422,Stefan Simic,12071.0
2258,Ambroise Oyongo,12049.0
2259,Bakaye Dibassy,11984.0
1916,Francis Guerrero,11984.0
831,Cedric Teuchert,11962.0
1917,Fernando Calero,11962.0
1918,Aitor Fernández,11918.0
832,Marcel Sobottka,11918.0
2260,Alaixys Romao,11897.0
1919,Manu García,11897.0
468,Denis Odoi,11849.0
2261,Cheik Traoré,11831.0
1920,Jordi Masip,11831.0
2262,Marvin Martin,11810.0
2263,Issiaga Sylla,11788.0
2264,Théo Pellenard,11744.0
2271,Étienne Didot,11701.0
2265,Bassem Srarfi,11701.0
2266,Florent Balmont,11701.0
2267,Lucas Deaux,11701.0
2268,Mickaël Alphonse,11701.0
2269,Romain Genevois,11701.0
2270,Yoann Gourcuff,11701.0
2272,Mehdi Zeffane,11679.0
2273,Steven Moreira,11679.0
2275,Pierrick Capelle,11592.0
2274,Ihsan Sacko,11592.0
2276,Olivier Boscagli,11331.0
2277,Xavier Chavalerin,11331.0
2278,Youcef Atal,11309.0
833,Alphonso Davies,11309.0
836,Jan Morávek,11309.0
834,Emil Berggreen,11309.0
835,Hanno Behrens,11309.0
841,Sam Schreck,11309.0
840,Robert Bauer,11309.0
839,Rani Khedira,11309.0
838,Maximilian Eggestein,11309.0
837,Janik Haberer,11309.0
1423,Marko Jankovic,11201.0
2279,Fouad Chafik,11048.0
2280,Yunis Abdelhamid,11005.0
1921,Carlos Akapo,11005.0
1424,Merih Demiral,10983.0
1922,Mathieu Flamini,10961.0
2281,Jules Koundé,10940.0
842,Diego Contento,10874.0
848,Marco Richter,10874.0
2282,Abdoulaye Bamba,10874.0
843,Edgar Salli,10874.0
844,Ewerton,10874.0
845,Javairô Dilrosun,10874.0
846,Johannes Eggestein,10874.0
847,Kenan Karaman,10874.0
2283,Maxime Dupé,10874.0
854,Kevin Stöger,10831.0
853,Jean Zimmer,10831.0
852,Gerrit Holtmann,10831.0
851,Georg Teigl,10831.0
857,Tim Leibold,10831.0
1923,Toño,10831.0
850,Fredrik Jensen,10831.0
849,Evan N'Dicka,10831.0
856,Niko Gießelmann,10831.0
2284,Lenny Pintor,10831.0
2285,Mathieu Gorgelin,10831.0
855,Michael Rensing,10831.0
2286,Igor Lewczuk,10809.0
2287,Moussa Diaby,10787.0
2288,Sory Kaba,10766.0
1924,Álvaro Medrán,10722.0
1925,Chema,10635.0
2289,Malik Tchokounté,10592.0
469,Domingos Quina,10555.0
470,Floyd Ayité,10555.0
471,Ryan Sessegnon,10555.0
1425,Kevin Diks,10548.0
2290,Thomas Fontaine,10505.0
1426,Pa Konate,10439.0
2295,Franck Tabanou,10396.0
2296,Fábio,10396.0
2305,Moussa Konaté,10396.0
2306,Mustapha Diallo,10396.0
2307,Pierre Lees Melou,10396.0
2308,Vincent Manceau,10396.0
2302,Keagan Dolly,10396.0
2301,Junior Sambia,10396.0
2300,Jeff Reine-Adélaïde,10396.0
2299,Ismaël Traoré,10396.0
2298,Ismaël Diomandé,10396.0
2297,Ghislain Konan,10396.0
2304,Mehdi Abeid,10396.0
2303,Ludovic Blas,10396.0
2294,Christophe Kerbrat,10396.0
2293,Benjamin Jeannot,10396.0
2292,Angelo Fulgini,10396.0
2291,Abdoulaye Touré,10396.0
2309,Wesley Lautoa,10396.0
2310,Yannis Salibur,10396.0
858,Manuel Gulde,10396.0
1926,Mariano Barbosa,10352.0
2311,Zaydou Youssouf,10331.0
2314,Emmanuel Imorou,10287.0
2315,Malang Sarr,10287.0
2316,Mouhamadou Dabo,10287.0
2312,Adrien Thomasson,10287.0
2313,Alexis Blin,10287.0
1927,Santi Comesaña,10178.0
859,Lucas Höler,10178.0
2317,Ibrahim Sangaré,10135.0
1427,Abdou Diakhate,10113.0
1428,Kiril Despodov,10113.0
2318,Willem Geubbels,10091.0
1434,Hidde ter Avest,10070.0
1433,Gianluca Mancini,10070.0
1429,Alfred Gomis,10070.0
1431,Antonio Rosati,10070.0
1432,Frédéric Veseli,10070.0
1449,Vid Belec,10070.0
1448,Raffaele Maiello,10070.0
1446,Nícolas,10070.0
1435,Ivan Provedel,10070.0
1445,Nicola Dalmonte,10070.0
1444,Musa Juwara,10070.0
1443,Musa Barrow,10070.0
1442,Mohamed Fares,10070.0
1441,Mirko Gori,10070.0
1440,Mattia Bani,10070.0
1439,Luca Paganini,10070.0
1438,Lorenzo Dickmann,10070.0
1437,Joachim Andersen,10070.0
1436,Jacob Rasmussen,10070.0
1430,Antonin Barak,10070.0
1447,Paolo Sammarco,10070.0
1928,Moisés Delgado,10070.0
860,Emile Smith Rowe,10070.0
1929,Asier Riesgo,10004.0
472,Anders Lindegaard,9895.0
473,Ethan Ampadu,9895.0
474,Hamza Choudhury,9895.0
1931,Tito,9852.0
1930,Joaquín Fernández,9852.0
861,Joelinton,9787.0
1932,Sergio Postigo,9743.0
862,Emir Kujovic,9743.0
1933,Leandro Chichizola,9722.0
2320,Jonathan Gradit,9722.0
2319,Jessy Moulin,9722.0
2321,Anthony Gonçalves,9700.0
1450,Massimo Gobbi,9656.0
882,Sebastian Kerk,9613.0
881,Ridle Baku,9613.0
2322,Yannick Cahuzac,9613.0
884,Thorsten Kirschbaum,9613.0
863,Brandon Borrello,9613.0
864,Christoph Janker,9613.0
865,Felix Beijmo,9613.0
866,Florian Neuhaus,9613.0
867,Georg Margreitter,9613.0
868,Ismail Azzaoui,9613.0
880,Raphael Wolf,9613.0
879,Patrick Erras,9613.0
878,Ondrej Petrak,9613.0
877,Noah Sarenren Bazee,9613.0
876,Mikael Ishak,9613.0
875,Maximilian Mittelstädt,9613.0
874,Matthias Zimmermann,9613.0
873,Marc Stendera,9613.0
872,Karim Onisiwo,9613.0
871,Jan Zimmermann,9613.0
883,Stefanos Kapino,9613.0
869,Issah Abass,9613.0
870,Jacob Bruun Larsen,9613.0
2323,Moussa Sylla,9439.0
1934,Daniele Bonera,9374.0
1935,Javi Guerra,9352.0
2324,Mathías Suárez,9287.0
1936,Javi Galán,9287.0
1452,Riccardo Gagliolo,9265.0
1451,Leo Stulac,9265.0
1937,Moi Gómez,9243.0
475,Konstantinos Mavropanos,9235.0
2326,Samuel Moutoussamy,9200.0
2325,Quentin Cornette,9200.0
2328,Pierre-Yves Polomat,9178.0
2327,Amine Gouiri,9178.0
885,Florent Muslija,9135.0
2330,Cédric Yambéré,9113.0
2334,Loïck Landre,9113.0
2337,Petar Skuletic,9113.0
2336,Pablo Martinez,9113.0
2331,Damien Le Tallec,9113.0
2335,Maxime Poundjé,9113.0
2329,Casimir Ninga,9113.0
2332,Ellyes Skhiri,9113.0
2333,Kenny Lala,9113.0
1938,Alejandro Catena,9091.0
2338,Edouard Mendy,8982.0
1453,Dimitri Oberlin,8917.0
2339,Eiji Kawashima,8895.0
1455,Vittorio Parigini,8852.0
1454,Marcello Gazzola,8852.0
1939,Daniele Verde,8852.0
2341,Nicolas Cozza,8830.0
2340,Johann Carrasso,8830.0
1940,Àlex Moreno,8700.0
1941,Jason,8678.0
1942,Markel Bergara,8678.0
1945,Rubén Pardo,8678.0
1944,Rober Pier,8678.0
1943,Pedro López,8678.0
886,Andre Hoffmann,8678.0
887,Luka Jovic,8656.0
2342,Nolan Mbemba,8613.0
2343,Josh Maja,8591.0
2344,Yoann Andreu,8591.0
2345,Mickaël Le Bihan,8482.0
1946,Darko Brasanac,8482.0
2346,Jordan Lefort,8460.0
2347,Hassane Kamara,8439.0
2348,Denis Petric,8417.0
888,Jaroslav Drobny,8330.0
2349,Abdallah Ndour,8308.0
2350,Jean-Victor Makengo,8243.0
2351,Souleyman Doumbia,8221.0
1947,Miguelón,8221.0
1948,Christian Rivera,8112.0
1464,Federico Dimarco,8047.0
1466,Nicholas Opoku,8047.0
1467,Rok Vodisek,8047.0
1463,Dusan Vlahovic,8047.0
1459,András Schäfer,8047.0
1462,Cristian Romero,8047.0
1461,Bartlomiej Dragowski,8047.0
1460,Arturo Calabresi,8047.0
1458,Andrea Seculin,8047.0
1457,Andrea Beghetto,8047.0
1456,Alessandro Plizzari,8047.0
1949,Leandro Cabrera,8047.0
1469,Tommaso Berni,8047.0
1468,Svante Ingelsson,8047.0
1465,Jherson Vergara,8047.0
2352,Olivier Kemen,8047.0
2353,Rafael Leão,7982.0
1950,Luca Sangalli,7982.0
2354,Paul Bernardoni,7938.0
2355,Vukasin Jovanovic,7917.0
889,Lukas Jäger,7917.0
2360,Stiven Mendoza,7895.0
2356,Gerzino Nyamsi,7895.0
2357,Kayembe,7895.0
2358,Lebogang Phiri,7895.0
2359,Pedro Rebocho,7895.0
1470,Petar Micin,7895.0
2361,Yeni N'Gbakoto,7895.0
890,Ozan Kabak,7895.0
2362,Namakoro Diallo,7873.0
1951,Andoni Gorosabel,7830.0
2372,Rémi Walter,7808.0
2363,Alexander Djiku,7808.0
2364,Baissama Sankoh,7808.0
2365,Brice Samba,7808.0
2366,Florent Mollet,7808.0
2367,Frédéric Guilbert,7808.0
2368,Jan Repas,7808.0
2369,Julio Tavarès,7808.0
2373,Rúnar Alex Rúnarsson,7808.0
2370,Nayef Aguerd,7808.0
2371,Ruben Aguilar,7808.0
2374,Wesley Saïd,7808.0
2375,Yacine Bammou,7808.0
2376,Youssef Aït Bennasser,7808.0
891,Andreas Luthe,7808.0
892,Enrico Valentini,7808.0
893,Matheus Pereira,7786.0
1952,Rodrigo Tarín,7721.0
2378,Karl-Johan Johnsson,7721.0
2379,Lucas Lima,7721.0
2377,Jérôme Prior,7721.0
2380,Stanley N'Soki,7699.0
1471,Pierluigi Frattali,7656.0
894,Adam Bodzek,7590.0
895,Mark Flekken,7590.0
896,Oliver Fink,7590.0
2381,Marc-Aurèle Caillard,7569.0
2382,Denis Bouanga,7547.0
2384,Sofiane Diop,7525.0
2383,Matthieu Dreyer,7525.0
1953,Stiven Plaza,7503.0
1472,Gianluca Scamacca,7503.0
2385,Arnaud Nordin,7416.0
1954,Adrián Embarba,7416.0
1955,Juan Aguilera,7416.0
2386,Régis Gurtner,7351.0
2387,Rémi Oudin,7329.0
2388,Gabriel Magalhães,7308.0
1956,Maximilian Wöber,7308.0
2389,Rachid Alioui,7286.0
1474,Simone Iacoponi,7242.0
1473,Mattia Sprocati,7242.0
2390,Ibrahim Cissé,7221.0
2391,Aly Ndom,7177.0
2392,Arnold Bouka Moutou,7155.0
897,Steven Skrzybski,7134.0
1957,Pedro Bigas,7068.0
2394,Elhadji Pape Diaw,7068.0
2393,Abdoulaye Diallo,7068.0
1958,Vasyl Kravets,6960.0
2396,Maxence Caqueret,6938.0
2395,Jessy Deminguet,6938.0
2397,Patrick Burner,6894.0
1475,Pietro Terracciano,6851.0
1959,Borja Fernández,6851.0
900,Uffe Bech,6786.0
899,Tim Kleindienst,6786.0
898,Adam Zrelak,6786.0
2398,Marc Vidal,6720.0
2399,Zacharie Boucher,6677.0
1961,Álex López,6655.0
1960,Andrés Prieto,6655.0
2400,Theo Valls,6633.0
476,Adam Legzdins,6597.0
1962,Diego Lainez,6590.0
2401,Mouez Hassen,6590.0
2402,Adam Jakubech,6568.0
2403,Adama Mbengue,6568.0
2404,Hervé Koffi,6568.0
2405,Toma Basic,6525.0
903,Keanan Bennetts,6525.0
904,Marco Friedl,6525.0
905,Oliver Baumann,6525.0
1476,José Machín,6525.0
902,Florian Müller,6525.0
901,Claudio Pizarro,6525.0
2406,Aurélien Tchouaméni,6503.0
2413,Umut Bozok,6503.0
2412,Téji Savanier,6503.0
2411,Prince Gouano,6503.0
2410,Nuno Da Costa,6503.0
2408,Boubacar Kamara,6503.0
2407,Bongani Zungu,6503.0
2409,Christophe Hérelle,6503.0
1963,Lucas Olaza,6459.0
1477,Marco Varnier,6438.0
1478,Matteo Pessina,6438.0
1479,Luca Valzania,6416.0
2414,Frédéric Sammaritano,6416.0
2415,Jordan Ikoko,6416.0
2416,Marcus Coco,6416.0
2417,Seydou Sy,6372.0
1964,Antonio Sivera,6351.0
2418,Anthony Walongwa,6329.0
1480,Assane Dioussé,6307.0
1965,Aleix García,6307.0
1481,Ben Wilmot,6307.0
2419,Loïc Badiashile,6285.0
1966,Alberto García,6242.0
2420,Mehdi Merghem,6177.0
1482,Alessandro Iacobucci,6046.0
1488,Simone Aresti,6046.0
1483,Francisco Sierralta,6046.0
1484,Matteo Brighi,6046.0
1486,Pawel Jaroszynski,6046.0
1487,Raffaele Di Gennaro,6046.0
2421,Nicolas Janvier,6046.0
1485,Paolo Ghiglione,6046.0
2422,Pierrick Valdivia,5981.0
1967,Enric Gallego,5916.0
2423,Kelvin Amian,5916.0
2425,Tristan Dingomé,5850.0
2424,Moussa Doumbia,5850.0
1968,Aleksandar Jovanovic,5763.0
2426,Yusuf Sari,5763.0
2427,Julien Serrano,5742.0
906,Lucas Ribeiro,5742.0
2428,Anthony Briancon,5720.0
2429,Florian Miguel,5720.0
1969,Martín Merquelanz,5720.0
2430,Wilfried Kanga,5676.0
908,Robin Zentner,5655.0
2431,Kévin Zohi,5655.0
907,Lukas Kübler,5655.0
2432,Anthony Caci,5611.0
1971,Mathías Olivera,5568.0
1970,Javi Puado,5568.0
2433,Renaud Ripart,5502.0
2434,Fodé Ballo-Touré,5437.0
2435,Yacine Adli,5437.0
909,Christian Früchtl,5415.0
910,Josh Sargent,5415.0
1972,Roberto Santamaría,5350.0
477,Connor Randall,5277.0
2436,Bingourou Kamara,5198.0
2437,Ibrahima Sissoko,5198.0
2438,Mathieu Bodmer,5198.0
2439,Paul Reulet,5198.0
2440,Thomas Monconduit,5198.0
1973,Alfa Semedo,5111.0
1489,Jandrei,5111.0
2441,Martin Sourzac,5111.0
911,Alexander Nübel,5089.0
929,Timo Hübers,5089.0
912,Andreas Poulsen,5089.0
1974,Jorge Pulido,5089.0
913,Aymen Barkok,5089.0
928,Sergio Córdova,5089.0
927,Robin Hack,5089.0
926,Raphael Framberger,5089.0
925,Patric Klandt,5089.0
924,Mamadou Doucouré,5089.0
923,Kevin Danso,5089.0
922,Julio Villalba,5089.0
921,Jordan Beyer,5089.0
920,Jens Grahl,5089.0
919,Jan-Niklas Beste,5089.0
918,Gian-Luca Itter,5089.0
917,Florian Kath,5089.0
916,Felix Götze,5089.0
915,Davor Lovren,5089.0
914,Dan-Axel Zagadou,5089.0
930,Torben Müsel,5089.0
1490,Salih Ucan,5024.0
1975,Anuar,5002.0
2443,Romain Faivre,4980.0
2442,Axel Disasi,4980.0
2444,Gautier Lloris,4785.0
2445,Gaëtan Poussin,4785.0
2446,Sofiane Alakouch,4741.0
1976,Ezequiel Ávila,4719.0
2447,Kouadio-Yves Dabila,4698.0
2448,Erwin Zelazny,4676.0
2449,Sergi Palencia,4567.0
1977,Wilfrid Kaptoum,4546.0
932,Kilian Jakob,4524.0
931,Federico Palacios,4524.0
933,Törles Knöll,4524.0
1978,Marc Cucurella,4502.0
2450,Enock Kwateng,4437.0
2451,Saîf-Eddine Khaoui,4437.0
2452,Féthi Harek,4415.0
2453,Panagiotis Vlachodimos,4415.0
935,Timothy Tillman,4350.0
934,Simon Asta,4350.0
936,Julius Kade,4328.0
2454,Mathieu Cafaro,4328.0
1980,Gorka Guruzeta,4263.0
1979,Emerson de Souza Junior,4263.0
1981,Stole Dimitrievski,4176.0
2455,Moreto Cassamá,4176.0
1497,Juan Manuel Valencia,4024.0
1496,Giacomo Poluzzi,4024.0
1495,Francesco Rossi,4024.0
1494,Fabio Depaoli,4024.0
1493,Bram Nuytinck,4024.0
1491,Andrea Fulignati,4024.0
1499,Martin Graiciar,4024.0
1500,Sofian Kiyine,4024.0
1498,Lorenco Simic,4024.0
1492,Antonio Santurro,4024.0
484,Rhys Healey,3958.0
937,Hendrik Weydandt,3958.0
478,Declan Rice,3958.0
479,Freddie Woodman,3958.0
480,Jack Simpson,3958.0
2456,Khaled Adénon,3958.0
481,Joel Coleman,3958.0
482,Marcelo Djaló,3958.0
483,Pontus Dahlberg,3958.0
485,Will Norris,3958.0
2457,Florian Escales,3915.0
938,Rabbi Matondo,3915.0
2458,Oualid El Hajjam,3893.0
2459,Sada Thioub,3893.0
2460,Dimitry Bertaud,3850.0
1982,Rubén Yáñez,3828.0
2462,Farid El Melali,3828.0
2461,Anthony Racioppi,3828.0
2463,Ignatius Ganago,3784.0
1983,Marc Cardona,3741.0
2464,Enzo Loiodice,3741.0
2465,Jonathan Ligali,3676.0
1984,Juan Soriano,3610.0
1501,Alessandro Deiola,3589.0
2466,Yoël Armougom,3545.0
1985,Peru Nolaskoain,3545.0
2467,Sacha Marasovic,3480.0
1502,Christian Oliva,3480.0
2468,Bryan Passi,3415.0
939,Gregor Kobel,3393.0
2469,Mauro Goicoechea,3393.0
940,Luca Plogmann,3393.0
2470,Bobby Allain,3306.0
486,Callum Hudson-Odoi,3298.0
2471,Colin Dagba,3262.0
1986,Anaitz Arbilla,3241.0
2472,Eddy Gnahoré,3241.0
941,Elvis Rexhbecaj,3241.0
1987,Javi Moyano,3241.0
942,Florian Baak,3241.0
943,Jordan Torunarigha,3241.0
944,Kevin Goden,3241.0
945,Palko Dárdai,3241.0
946,Robin Bormuth,3241.0
1506,Mauro Burruchaga,3219.0
1504,Jens Odgaard,3219.0
1505,Leonardo Sernicola,3219.0
1503,Erick Ferigra,3219.0
2473,Thomas Basila,3154.0
2474,Florian Chabrolle,3132.0
2475,Baptiste Valette,3110.0
2476,Lucas Perrin,3023.0
1988,Álex Blanco,2980.0
1507,Nicolás Schiappacasse,2936.0
2477,Cheick Timite,2893.0
2478,Gaëtan Paquiez,2849.0
949,Samuel Sahin-Radlinger,2827.0
950,Thore Jacobsen,2827.0
947,Christoph Baumgartner,2827.0
948,David Otto,2827.0
1508,Giacomo Satalino,2827.0
2479,Randal Kolo Muani,2806.0
2480,Hakim El Mokeddem,2784.0
2481,Virgile Piechocki,2762.0
2482,Azzeddine Toufiqui,2740.0
2483,Sambou Sissoko,2719.0
2484,Killian Sanson,2697.0
2485,Boubakary Soumaré,2675.0
2486,Jules Keita,2675.0
2487,Makhtar Gueye,2653.0
2488,Sébastien Cibois,2653.0
488,Yan Valery,2639.0
487,Grady Diangana,2639.0
2489,Armand Laurienté,2632.0
2490,Antonin Bobichon,2588.0
2491,Mickaël Panos,2545.0
1989,Lluis López,2523.0
2492,Sami Ben Amar,2523.0
951,Marius Gersbeck,2479.0
2493,Arton Zekaj,2414.0
1510,Vitalie Damascan,2414.0
1509,Hamed Junior Traorè,2414.0
1990,Pedro Porro,2392.0
2494,Abdoulaye Dabo,2392.0
1511,Maxime Leverbe,2392.0
2495,Senou Coulibaly,2371.0
2497,Hervé Lybohy,2349.0
2496,Clément Depres,2349.0
952,Leonardo Balerdi,2349.0
1512,Dimitrios Nikolaou,2284.0
966,Ron-Thorben Hoffmann,2262.0
960,Jonathan Burkardt,2262.0
968,Stefan Posch,2262.0
965,Moritz Nicolas,2262.0
964,Lukas Mühl,2262.0
963,Linton Maina,2262.0
962,Leo Weinkauf,2262.0
961,Jonathan Klinsmann,2262.0
959,Jean-Manuel Mbom,2262.0
954,Alexander Meyer,2262.0
2498,Abou Ouattara,2262.0
953,Alexander Fuchs,2262.0
955,Constantin Frommann,2262.0
956,Fabian Bredlow,2262.0
957,Haji Wright,2262.0
958,Jannik Huth,2262.0
967,Sahverdi Cetin,2262.0
2499,Matthias Phaeton,2240.0
1991,Luca Zidane,2218.0
2501,Moataz Zemzemi,2197.0
2500,Duplexe Tchamba,2197.0
969,Patrice Kabuya,2175.0
2502,Djegui Koita,2175.0
970,Tobias Stirl,2175.0
972,Dennis Jastrzembski,2164.0
971,Ahmet Gürleyen,2164.0
1992,Juanjo Camacho,2164.0
2503,Youssouf Fofana,2142.0
2504,Ismaël Aaneba,2131.0
2505,William Saliba,2088.0
2506,Over Mandanda,2077.0
973,Phillip Menzel,2034.0
1514,Emanuel Vignato,2023.0
1518,Mehdi Léris,2023.0
1517,Lorenzo Polvani,2023.0
1516,Giacomo Raspadori,2023.0
1515,Francesco Cassata,2023.0
2508,Gaoussou Traoré,2023.0
1513,Adrian Semper,2023.0
1519,Sergej Grubac,2023.0
2507,Abdel Malik Hsissane,2023.0
1520,Strahinja Tanasijevic,2023.0
491,Ryan Inniss,1979.0
489,Luca de la Torre,1979.0
490,Morgan Gibbs-White,1979.0
2509,Alexandre Olliero,1957.0
2510,Mathieu Goncalves,1947.0
974,Eric Oelschlägel,1805.0
2511,Hicham Mahou,1773.0
2512,Kalidou Sidibé,1740.0
975,Kianz Froese,1729.0
2513,Benoît Badiashile,1729.0
492,Lucas Perri,1725.0
1993,Robin Le Normand,1696.0
976,Chima Okoroji,1696.0
977,Finn Dahmen,1696.0
2514,Sory Doumbouya,1675.0
2515,Yannis Clementia,1664.0
2516,Andrei Girotto,1642.0
2517,Quentin Braat,1631.0
2518,Reinildo Mandava,1631.0
1994,Óscar Rodríguez,1620.0
1995,Valery Fernández,1479.0
978,David Kopacz,1414.0
2519,Adil Taoui,1414.0
2520,Romain Cagnon,1403.0
2521,Edvinas Gertmonas,1392.0
979,Keven Schlotterbeck,1359.0
2522,Jérémie Porsan-Clemente,1305.0
2523,Rayan Aït Nouri,1294.0
980,Tuta,1283.0
2525,Valentín Vada,1283.0
2524,Evens Joseph,1283.0
2527,Gauthier Banaziak,1240.0
2526,Antonio Mance,1240.0
2528,Anthony Mandrea,1218.0
2529,Thomas Callens,1196.0
2530,Stefan Bajic,1164.0
981,Alexander Stolz,1131.0
982,Felix Schwarzholz,1131.0
983,Simon Rhein,1120.0
1996,Sergio Akieme,1087.0
984,Leandro Barreiro Martins,1087.0
2531,Bafodé Diakité,1087.0
1521,Samuele Perisan,1087.0
493,Jack Rose,1053.0
1997,Adrián Diéguez,1011.0
1522,Caio Vinicius Pirana,979.0
2533,Théo Vermot,979.0
2532,Ryan Bouallak,979.0
2534,Lévi Ntumba,957.0
1998,Kang-in Lee,935.0
494,Sean Longstaff,913.0
985,Florian Mayer,903.0
986,Michael Langer,903.0
2535,Louis Pelletier,881.0
2536,Nicolas Lemaître,859.0
1524,Riccardo Daga,805.0
1523,Andrea Pinamonti,805.0
495,Michael Obafemi,787.0
2537,Giulian Biancone,783.0
987,Jan Boller,761.0
2538,Manu García,750.0
988,Julian Krahl,707.0
989,Tim Wiesner,674.0
496,Dwight McNeil,660.0
990,Dennis Smarsch,652.0
1525,Filippo Perucchini,652.0
991,Dennis Lippert,620.0
992,Jozo Stanic,620.0
993,Benjamin Goller,598.0
2000,Samuel Chukwueze,587.0
1999,Borja Garcés,587.0
2001,Francisco Montero,565.0
1526,Fabrizio Bagheria,544.0
996,Romario Roesch,457.0
994,Georgios Siadas,457.0
995,Maurice Covic,457.0
997,Nils Stendera,413.0
998,Patrick Finger,413.0
999,Ahmed Kutucu,391.0
1527,Simone Ghidotti,283.0
2539,Valentin Gendrey,100.0
1001,John Yeboah,70.0
1000,Antonis Aidonis,70.0
1002,Leon Dajaku,70.0
